-- phpMyAdmin SQL Dump
-- version 5.2.0
-- https://www.phpmyadmin.net/
--
-- Host: localhost:3306
-- Generation Time: Jun 06, 2025 at 04:16 AM
-- Server version: 8.4.3
-- PHP Version: 8.3.16

SET SQL_MODE = "NO_AUTO_VALUE_ON_ZERO";
START TRANSACTION;
SET time_zone = "+00:00";


/*!40101 SET @OLD_CHARACTER_SET_CLIENT=@@CHARACTER_SET_CLIENT */;
/*!40101 SET @OLD_CHARACTER_SET_RESULTS=@@CHARACTER_SET_RESULTS */;
/*!40101 SET @OLD_COLLATION_CONNECTION=@@COLLATION_CONNECTION */;
/*!40101 SET NAMES utf8mb4 */;

--
-- Database: `blogs_management_api`
--

-- --------------------------------------------------------

--
-- Table structure for table `categories`
--

CREATE TABLE `categories` (
  `id` bigint UNSIGNED NOT NULL,
  `name` varchar(255) COLLATE utf8mb4_unicode_ci DEFAULT NULL,
  `slug` varchar(255) COLLATE utf8mb4_unicode_ci DEFAULT NULL,
  `status` tinyint(1) NOT NULL DEFAULT '1',
  `deleted_at` timestamp NULL DEFAULT NULL,
  `created_at` timestamp NULL DEFAULT NULL,
  `updated_at` timestamp NULL DEFAULT NULL
) ENGINE=InnoDB DEFAULT CHARSET=utf8mb4 COLLATE=utf8mb4_unicode_ci;

--
-- Dumping data for table `categories`
--

INSERT INTO `categories` (`id`, `name`, `slug`, `status`, `deleted_at`, `created_at`, `updated_at`) VALUES
(1, 'Technology', 'technology', 1, NULL, '2025-06-04 21:06:46', '2025-06-04 21:06:46'),
(3, 'Dream', 'dream', 1, NULL, '2025-06-04 21:16:48', '2025-06-04 21:16:48'),
(4, 'Health', 'health', 1, NULL, '2025-06-04 21:16:48', '2025-06-04 21:16:48'),
(5, 'Travel', 'travel', 1, NULL, '2025-06-04 21:16:48', '2025-06-04 21:16:48'),
(6, 'Food', 'food', 1, NULL, '2025-06-04 21:16:48', '2025-06-05 11:46:45');

-- --------------------------------------------------------

--
-- Table structure for table `failed_jobs`
--

CREATE TABLE `failed_jobs` (
  `id` bigint UNSIGNED NOT NULL,
  `uuid` varchar(255) COLLATE utf8mb4_unicode_ci NOT NULL,
  `connection` text COLLATE utf8mb4_unicode_ci NOT NULL,
  `queue` text COLLATE utf8mb4_unicode_ci NOT NULL,
  `payload` longtext COLLATE utf8mb4_unicode_ci NOT NULL,
  `exception` longtext COLLATE utf8mb4_unicode_ci NOT NULL,
  `failed_at` timestamp NOT NULL DEFAULT CURRENT_TIMESTAMP
) ENGINE=InnoDB DEFAULT CHARSET=utf8mb4 COLLATE=utf8mb4_unicode_ci;

-- --------------------------------------------------------

--
-- Table structure for table `migrations`
--

CREATE TABLE `migrations` (
  `id` int UNSIGNED NOT NULL,
  `migration` varchar(255) COLLATE utf8mb4_unicode_ci NOT NULL,
  `batch` int NOT NULL
) ENGINE=InnoDB DEFAULT CHARSET=utf8mb4 COLLATE=utf8mb4_unicode_ci;

--
-- Dumping data for table `migrations`
--

INSERT INTO `migrations` (`id`, `migration`, `batch`) VALUES
(1, '2014_10_12_000000_create_users_table', 1),
(2, '2014_10_12_100000_create_password_reset_tokens_table', 1),
(3, '2019_08_19_000000_create_failed_jobs_table', 1),
(4, '2019_12_14_000001_create_personal_access_tokens_table', 1),
(5, '2025_06_04_155621_create_settings_table', 1),
(6, '2025_06_04_162811_create_permission_tables', 1),
(7, '2025_06_05_034335_create_categories_table', 1),
(8, '2025_06_05_172031_create_posts_table', 1),
(9, '2025_06_05_171047_add_column_to_posts', 2);

-- --------------------------------------------------------

--
-- Table structure for table `model_has_permissions`
--

CREATE TABLE `model_has_permissions` (
  `permission_id` bigint UNSIGNED NOT NULL,
  `model_type` varchar(255) COLLATE utf8mb4_unicode_ci NOT NULL,
  `model_id` bigint UNSIGNED NOT NULL
) ENGINE=InnoDB DEFAULT CHARSET=utf8mb4 COLLATE=utf8mb4_unicode_ci;

-- --------------------------------------------------------

--
-- Table structure for table `model_has_roles`
--

CREATE TABLE `model_has_roles` (
  `role_id` bigint UNSIGNED NOT NULL,
  `model_type` varchar(255) COLLATE utf8mb4_unicode_ci NOT NULL,
  `model_id` bigint UNSIGNED NOT NULL
) ENGINE=InnoDB DEFAULT CHARSET=utf8mb4 COLLATE=utf8mb4_unicode_ci;

--
-- Dumping data for table `model_has_roles`
--

INSERT INTO `model_has_roles` (`role_id`, `model_type`, `model_id`) VALUES
(2, 'App\\Models\\User', 1),
(2, 'App\\Models\\User', 2),
(2, 'App\\Models\\User', 3),
(2, 'App\\Models\\User', 4),
(1, 'App\\Models\\User', 5),
(3, 'App\\Models\\User', 10),
(1, 'App\\Models\\User', 11);

-- --------------------------------------------------------

--
-- Table structure for table `password_reset_tokens`
--

CREATE TABLE `password_reset_tokens` (
  `email` varchar(255) COLLATE utf8mb4_unicode_ci NOT NULL,
  `token` varchar(255) COLLATE utf8mb4_unicode_ci NOT NULL,
  `created_at` timestamp NULL DEFAULT NULL
) ENGINE=InnoDB DEFAULT CHARSET=utf8mb4 COLLATE=utf8mb4_unicode_ci;

-- --------------------------------------------------------

--
-- Table structure for table `permissions`
--

CREATE TABLE `permissions` (
  `id` bigint UNSIGNED NOT NULL,
  `name` varchar(255) COLLATE utf8mb4_unicode_ci NOT NULL,
  `guard_name` varchar(255) COLLATE utf8mb4_unicode_ci NOT NULL,
  `created_at` timestamp NULL DEFAULT NULL,
  `updated_at` timestamp NULL DEFAULT NULL
) ENGINE=InnoDB DEFAULT CHARSET=utf8mb4 COLLATE=utf8mb4_unicode_ci;

--
-- Dumping data for table `permissions`
--

INSERT INTO `permissions` (`id`, `name`, `guard_name`, `created_at`, `updated_at`) VALUES
(1, 'post-create', 'api', '2025-06-04 12:36:35', '2025-06-04 12:36:35'),
(2, 'post-edit', 'api', '2025-06-04 12:36:35', '2025-06-04 12:36:35'),
(3, 'post-delete', 'api', '2025-06-04 12:36:35', '2025-06-04 12:36:35'),
(4, 'category-manage', 'api', '2025-06-04 12:36:35', '2025-06-04 12:36:35'),
(5, 'user-manage', 'api', '2025-06-04 12:36:35', '2025-06-04 12:36:35');

-- --------------------------------------------------------

--
-- Table structure for table `personal_access_tokens`
--

CREATE TABLE `personal_access_tokens` (
  `id` bigint UNSIGNED NOT NULL,
  `tokenable_type` varchar(255) COLLATE utf8mb4_unicode_ci NOT NULL,
  `tokenable_id` bigint UNSIGNED NOT NULL,
  `name` varchar(255) COLLATE utf8mb4_unicode_ci NOT NULL,
  `token` varchar(64) COLLATE utf8mb4_unicode_ci NOT NULL,
  `abilities` text COLLATE utf8mb4_unicode_ci,
  `last_used_at` timestamp NULL DEFAULT NULL,
  `expires_at` timestamp NULL DEFAULT NULL,
  `created_at` timestamp NULL DEFAULT NULL,
  `updated_at` timestamp NULL DEFAULT NULL
) ENGINE=InnoDB DEFAULT CHARSET=utf8mb4 COLLATE=utf8mb4_unicode_ci;

--
-- Dumping data for table `personal_access_tokens`
--

INSERT INTO `personal_access_tokens` (`id`, `tokenable_type`, `tokenable_id`, `name`, `token`, `abilities`, `last_used_at`, `expires_at`, `created_at`, `updated_at`) VALUES
(1, 'App\\Models\\User', 1, 'auth_token', 'b49aeae92297b6883f6a2196e5e045d61a63b60aec447187ea383a8ca56c7b15', '[\"*\"]', NULL, NULL, '2025-06-04 12:48:29', '2025-06-04 12:48:29'),
(2, 'App\\Models\\User', 2, 'auth_token', '1c650fa4be91dc028123d9af8a41e6af5b67c859e558c80abafb359a3e6bbe30', '[\"*\"]', NULL, NULL, '2025-06-04 12:59:19', '2025-06-04 12:59:19'),
(3, 'App\\Models\\User', 3, 'auth_token', '2cdec54be7c158a1a10edfa38a009ca65d3ade2ebb4cabc7f5cfba921fdbc1f9', '[\"*\"]', NULL, NULL, '2025-06-04 13:08:00', '2025-06-04 13:08:00'),
(4, 'App\\Models\\User', 4, 'auth_token', 'dc78685107b2ad9f2954bef510ed38b2c489f1d3fa1cb8b88c23efe16621bf65', '[\"*\"]', NULL, NULL, '2025-06-04 13:09:28', '2025-06-04 13:09:28'),
(5, 'App\\Models\\User', 4, 'auth_token', 'd27b52a0c9fcebd9a3966ac74313e5db280baf3fd28c2a1254d0b23c9918179a', '[\"*\"]', NULL, NULL, '2025-06-04 13:23:21', '2025-06-04 13:23:21'),
(6, 'App\\Models\\User', 4, 'auth_token', '7410567af990f79e8d2cc26830f85ff8039fdbb84cdde67802944643d2670edf', '[\"*\"]', '2025-06-04 21:06:12', NULL, '2025-06-04 13:24:57', '2025-06-04 21:06:12'),
(7, 'App\\Models\\User', 4, 'auth_token', 'c148c6b2f2e1e8bada9d84eded85bbc0679611d74de8454a1e6c31ec85b81a64', '[\"*\"]', NULL, NULL, '2025-06-04 13:25:08', '2025-06-04 13:25:08'),
(8, 'App\\Models\\User', 3, 'auth_token', '3c545d55bbf7c30cccf2f8df5bb0b22c427d70212a4a5ddb0fc077f6e36f3c66', '[\"*\"]', NULL, NULL, '2025-06-04 13:25:16', '2025-06-04 13:25:16'),
(9, 'App\\Models\\User', 5, 'auth_token', '95ba95c1f20a31df33b14cb60df7146ae61a06892e3f34a99828a7c88c8e7261', '[\"*\"]', NULL, NULL, '2025-06-04 13:30:31', '2025-06-04 13:30:31'),
(10, 'App\\Models\\User', 4, 'auth_token', 'cdb8e464d675160694f322464a892be0c26515d3e858ce0e4027e3fe99b682e0', '[\"*\"]', NULL, NULL, '2025-06-04 20:58:40', '2025-06-04 20:58:40'),
(11, 'App\\Models\\User', 5, 'auth_token', '769ddabd613fe2a4e2efb3e99e09946371d4535e175fe71ca0973b6d522466df', '[\"*\"]', '2025-06-05 20:12:31', NULL, '2025-06-04 20:59:12', '2025-06-05 20:12:31'),
(12, 'App\\Models\\User', 5, 'auth_token', '37f71f5688370fe5d4043ae4c4fa5d15752395bdf0e1f539ddb947a7d54e2177', '[\"*\"]', '2025-06-04 22:12:40', NULL, '2025-06-04 21:29:13', '2025-06-04 22:12:40'),
(13, 'App\\Models\\User', 3, 'auth_token', 'b90f1389ef69a69539a6ee44e7a0e450eb5ba2a17f65eb20f3a16dffcc5d7845', '[\"*\"]', '2025-06-05 22:06:00', NULL, '2025-06-05 10:59:49', '2025-06-05 22:06:00'),
(14, 'App\\Models\\User', 5, 'auth_token', 'c9bbc179747703fd3cf6cbd75fd0d9f0c6f473abf967696afc589dfdab0f3125', '[\"*\"]', '2025-06-05 22:08:35', NULL, '2025-06-05 11:30:24', '2025-06-05 22:08:35'),
(15, 'App\\Models\\User', 3, 'auth_token', '56212d441a861b6e0598d47f1114d9521eca6d49ecfdae188243b8fa35601773', '[\"*\"]', '2025-06-05 22:06:40', NULL, '2025-06-05 20:03:17', '2025-06-05 22:06:40'),
(16, 'App\\Models\\User', 10, 'auth_token', '4f040a4b0b08f738b6c9afac0a0b70c88f9b158c25cabce09590c03983210997', '[\"*\"]', '2025-06-05 20:10:23', NULL, '2025-06-05 20:09:19', '2025-06-05 20:10:23'),
(17, 'App\\Models\\User', 11, 'auth_token', '79116442e0f36f76433fc423f2179ddf5be5e77fa820563880cab5db0f2bf8f9', '[\"*\"]', '2025-06-05 22:11:40', NULL, '2025-06-05 20:11:19', '2025-06-05 22:11:40'),
(18, 'App\\Models\\User', 5, 'auth_token', '062f7b5ff9e3306e46ffd943482f980bcaf644a5875ac45e9f4310e449492f96', '[\"*\"]', '2025-06-05 22:17:36', NULL, '2025-06-05 22:06:54', '2025-06-05 22:17:36');

-- --------------------------------------------------------

--
-- Table structure for table `posts`
--

CREATE TABLE `posts` (
  `id` bigint UNSIGNED NOT NULL,
  `title` varchar(255) COLLATE utf8mb4_unicode_ci NOT NULL,
  `body` longtext COLLATE utf8mb4_unicode_ci,
  `slug` varchar(255) COLLATE utf8mb4_unicode_ci NOT NULL,
  `category_id` bigint UNSIGNED NOT NULL,
  `author_id` bigint UNSIGNED NOT NULL,
  `created_at` timestamp NULL DEFAULT NULL,
  `updated_at` timestamp NULL DEFAULT NULL,
  `status` tinyint(1) NOT NULL DEFAULT '0'
) ENGINE=InnoDB DEFAULT CHARSET=utf8mb4 COLLATE=utf8mb4_unicode_ci;

--
-- Dumping data for table `posts`
--

INSERT INTO `posts` (`id`, `title`, `body`, `slug`, `category_id`, `author_id`, `created_at`, `updated_at`, `status`) VALUES
(3, 'My third blog', 'This is the content of the blog okay', 'my-third-blog', 1, 3, '2025-06-05 11:09:30', '2025-06-05 11:09:30', 0),
(4, 'Sample Post Title 1', 'This is the body content for post 1. Lorem ipsum dolor sit amet, consectetur adipiscing elit.', 'sample-post-title-1', 4, 6, '2025-06-05 20:41:14', '2025-06-05 20:41:14', 0),
(5, 'Sample Post Title 2', 'This is the body content for post 2. Lorem ipsum dolor sit amet, consectetur adipiscing elit.', 'sample-post-title-2', 3, 5, '2025-06-05 20:41:14', '2025-06-05 20:41:14', 0),
(6, 'Sample Post Title 3', 'This is the body content for post 3. Lorem ipsum dolor sit amet, consectetur adipiscing elit.', 'sample-post-title-3', 4, 10, '2025-06-05 20:41:14', '2025-06-05 20:41:14', 0),
(7, 'Sample Post Title 4', 'This is the body content for post 4. Lorem ipsum dolor sit amet, consectetur adipiscing elit.', 'sample-post-title-4', 1, 6, '2025-06-05 20:41:14', '2025-06-05 20:41:14', 0),
(8, 'Sample Post Title 5', 'This is the body content for post 5. Lorem ipsum dolor sit amet, consectetur adipiscing elit.', 'sample-post-title-5', 3, 10, '2025-06-05 20:41:14', '2025-06-05 20:41:14', 0),
(9, 'Sample Post Title 6', 'This is the body content for post 6. Lorem ipsum dolor sit amet, consectetur adipiscing elit.', 'sample-post-title-6', 4, 6, '2025-06-05 20:41:14', '2025-06-05 20:41:14', 0),
(10, 'Sample Post Title 7', 'This is the body content for post 7. Lorem ipsum dolor sit amet, consectetur adipiscing elit.', 'sample-post-title-7', 4, 12, '2025-06-05 20:41:14', '2025-06-05 20:41:14', 0),
(11, 'Sample Post Title 8', 'This is the body content for post 8. Lorem ipsum dolor sit amet, consectetur adipiscing elit.', 'sample-post-title-8', 3, 4, '2025-06-05 20:41:14', '2025-06-05 20:41:14', 0),
(12, 'Sample Post Title 9', 'This is the body content for post 9. Lorem ipsum dolor sit amet, consectetur adipiscing elit.', 'sample-post-title-9', 1, 5, '2025-06-05 20:41:14', '2025-06-05 20:41:14', 0),
(13, 'Sample Post Title 10', 'This is the body content for post 10. Lorem ipsum dolor sit amet, consectetur adipiscing elit.', 'sample-post-title-10', 6, 1, '2025-06-05 20:41:14', '2025-06-05 20:41:14', 0),
(14, 'Sample Post Title 11', 'This is the body content for post 11. Lorem ipsum dolor sit amet, consectetur adipiscing elit.', 'sample-post-title-11', 3, 5, '2025-06-05 20:41:14', '2025-06-05 20:41:14', 0),
(15, 'Sample Post Title 12', 'This is the body content for post 12. Lorem ipsum dolor sit amet, consectetur adipiscing elit.', 'sample-post-title-12', 3, 6, '2025-06-05 20:41:14', '2025-06-05 20:41:14', 0),
(16, 'Sample Post Title 13', 'This is the body content for post 13. Lorem ipsum dolor sit amet, consectetur adipiscing elit.', 'sample-post-title-13', 4, 11, '2025-06-05 20:41:14', '2025-06-05 20:41:14', 0),
(17, 'Sample Post Title 14', 'This is the body content for post 14. Lorem ipsum dolor sit amet, consectetur adipiscing elit.', 'sample-post-title-14', 1, 4, '2025-06-05 20:41:14', '2025-06-05 20:41:14', 0),
(18, 'Sample Post Title 15', 'This is the body content for post 15. Lorem ipsum dolor sit amet, consectetur adipiscing elit.', 'sample-post-title-15', 1, 1, '2025-06-05 20:41:14', '2025-06-05 20:41:14', 0),
(19, 'Sample Post Title 16', 'This is the body content for post 16. Lorem ipsum dolor sit amet, consectetur adipiscing elit.', 'sample-post-title-16', 5, 2, '2025-06-05 20:41:14', '2025-06-05 20:41:14', 0),
(20, 'Sample Post Title 17', 'This is the body content for post 17. Lorem ipsum dolor sit amet, consectetur adipiscing elit.', 'sample-post-title-17', 4, 10, '2025-06-05 20:41:14', '2025-06-05 20:41:14', 0),
(21, 'Sample Post Title 18', 'This is the body content for post 18. Lorem ipsum dolor sit amet, consectetur adipiscing elit.', 'sample-post-title-18', 3, 6, '2025-06-05 20:41:14', '2025-06-05 20:41:14', 0),
(22, 'Sample Post Title 19', 'This is the body content for post 19. Lorem ipsum dolor sit amet, consectetur adipiscing elit.', 'sample-post-title-19', 5, 1, '2025-06-05 20:41:14', '2025-06-05 20:41:14', 0),
(23, 'Sample Post Title 20', 'This is the body content for post 20. Lorem ipsum dolor sit amet, consectetur adipiscing elit.', 'sample-post-title-20', 3, 1, '2025-06-05 20:41:14', '2025-06-05 20:41:14', 0),
(24, 'Sample Post Title 21', 'This is the body content for post 21. Lorem ipsum dolor sit amet, consectetur adipiscing elit.', 'sample-post-title-21', 1, 1, '2025-06-05 20:41:14', '2025-06-05 20:41:14', 0),
(25, 'Sample Post Title 22', 'This is the body content for post 22. Lorem ipsum dolor sit amet, consectetur adipiscing elit.', 'sample-post-title-22', 1, 6, '2025-06-05 20:41:14', '2025-06-05 20:41:14', 0),
(26, 'Sample Post Title 23', 'This is the body content for post 23. Lorem ipsum dolor sit amet, consectetur adipiscing elit.', 'sample-post-title-23', 4, 2, '2025-06-05 20:41:14', '2025-06-05 20:41:14', 0),
(27, 'Sample Post Title 24', 'This is the body content for post 24. Lorem ipsum dolor sit amet, consectetur adipiscing elit.', 'sample-post-title-24', 5, 4, '2025-06-05 20:41:14', '2025-06-05 20:41:14', 0),
(28, 'Sample Post Title 25', 'This is the body content for post 25. Lorem ipsum dolor sit amet, consectetur adipiscing elit.', 'sample-post-title-25', 1, 12, '2025-06-05 20:41:14', '2025-06-05 20:41:14', 0),
(29, 'Sample Post Title 26', 'This is the body content for post 26. Lorem ipsum dolor sit amet, consectetur adipiscing elit.', 'sample-post-title-26', 6, 4, '2025-06-05 20:41:14', '2025-06-05 20:41:14', 0),
(30, 'Sample Post Title 27', 'This is the body content for post 27. Lorem ipsum dolor sit amet, consectetur adipiscing elit.', 'sample-post-title-27', 5, 4, '2025-06-05 20:41:14', '2025-06-05 20:41:14', 0),
(31, 'Sample Post Title 28', 'This is the body content for post 28. Lorem ipsum dolor sit amet, consectetur adipiscing elit.', 'sample-post-title-28', 5, 3, '2025-06-05 20:41:14', '2025-06-05 20:41:14', 0),
(32, 'Sample Post Title 29', 'This is the body content for post 29. Lorem ipsum dolor sit amet, consectetur adipiscing elit.', 'sample-post-title-29', 5, 2, '2025-06-05 20:41:14', '2025-06-05 20:41:14', 0),
(33, 'Sample Post Title 30', 'This is the body content for post 30. Lorem ipsum dolor sit amet, consectetur adipiscing elit.', 'sample-post-title-30', 5, 12, '2025-06-05 20:41:14', '2025-06-05 20:41:14', 0),
(34, 'Sample Post Title 31', 'This is the body content for post 31. Lorem ipsum dolor sit amet, consectetur adipiscing elit.', 'sample-post-title-31', 1, 10, '2025-06-05 20:41:14', '2025-06-05 20:41:14', 0),
(35, 'Sample Post Title 32', 'This is the body content for post 32. Lorem ipsum dolor sit amet, consectetur adipiscing elit.', 'sample-post-title-32', 1, 6, '2025-06-05 20:41:14', '2025-06-05 20:41:14', 0),
(36, 'Sample Post Title 33', 'This is the body content for post 33. Lorem ipsum dolor sit amet, consectetur adipiscing elit.', 'sample-post-title-33', 4, 3, '2025-06-05 20:41:14', '2025-06-05 20:41:14', 0),
(37, 'Sample Post Title 34', 'This is the body content for post 34. Lorem ipsum dolor sit amet, consectetur adipiscing elit.', 'sample-post-title-34', 6, 12, '2025-06-05 20:41:14', '2025-06-05 20:41:14', 0),
(38, 'Sample Post Title 35', 'This is the body content for post 35. Lorem ipsum dolor sit amet, consectetur adipiscing elit.', 'sample-post-title-35', 4, 1, '2025-06-05 20:41:14', '2025-06-05 20:41:14', 0),
(39, 'Sample Post Title 36', 'This is the body content for post 36. Lorem ipsum dolor sit amet, consectetur adipiscing elit.', 'sample-post-title-36', 6, 6, '2025-06-05 20:41:14', '2025-06-05 20:41:14', 0),
(40, 'Sample Post Title 37', 'This is the body content for post 37. Lorem ipsum dolor sit amet, consectetur adipiscing elit.', 'sample-post-title-37', 4, 1, '2025-06-05 20:41:14', '2025-06-05 20:41:14', 0),
(41, 'Sample Post Title 38', 'This is the body content for post 38. Lorem ipsum dolor sit amet, consectetur adipiscing elit.', 'sample-post-title-38', 3, 2, '2025-06-05 20:41:14', '2025-06-05 20:41:14', 0),
(42, 'Sample Post Title 39', 'This is the body content for post 39. Lorem ipsum dolor sit amet, consectetur adipiscing elit.', 'sample-post-title-39', 1, 10, '2025-06-05 20:41:14', '2025-06-05 20:41:14', 0),
(43, 'Sample Post Title 40', 'This is the body content for post 40. Lorem ipsum dolor sit amet, consectetur adipiscing elit.', 'sample-post-title-40', 4, 11, '2025-06-05 20:41:14', '2025-06-05 20:41:14', 0),
(44, 'Sample Post Title 41', 'This is the body content for post 41. Lorem ipsum dolor sit amet, consectetur adipiscing elit.', 'sample-post-title-41', 1, 1, '2025-06-05 20:41:14', '2025-06-05 20:41:14', 0),
(45, 'Sample Post Title 42', 'This is the body content for post 42. Lorem ipsum dolor sit amet, consectetur adipiscing elit.', 'sample-post-title-42', 3, 6, '2025-06-05 20:41:14', '2025-06-05 20:41:14', 0),
(46, 'Sample Post Title 43', 'This is the body content for post 43. Lorem ipsum dolor sit amet, consectetur adipiscing elit.', 'sample-post-title-43', 4, 4, '2025-06-05 20:41:14', '2025-06-05 20:41:14', 0),
(47, 'Sample Post Title 44', 'This is the body content for post 44. Lorem ipsum dolor sit amet, consectetur adipiscing elit.', 'sample-post-title-44', 6, 11, '2025-06-05 20:41:14', '2025-06-05 20:41:14', 0),
(48, 'Sample Post Title 45', 'This is the body content for post 45. Lorem ipsum dolor sit amet, consectetur adipiscing elit.', 'sample-post-title-45', 5, 4, '2025-06-05 20:41:14', '2025-06-05 20:41:14', 0),
(49, 'Sample Post Title 46', 'This is the body content for post 46. Lorem ipsum dolor sit amet, consectetur adipiscing elit.', 'sample-post-title-46', 4, 3, '2025-06-05 20:41:14', '2025-06-05 20:41:14', 0),
(50, 'Sample Post Title 47', 'This is the body content for post 47. Lorem ipsum dolor sit amet, consectetur adipiscing elit.', 'sample-post-title-47', 3, 10, '2025-06-05 20:41:14', '2025-06-05 20:41:14', 0),
(51, 'Sample Post Title 48', 'This is the body content for post 48. Lorem ipsum dolor sit amet, consectetur adipiscing elit.', 'sample-post-title-48', 4, 5, '2025-06-05 20:41:14', '2025-06-05 20:41:14', 0),
(52, 'Sample Post Title 49', 'This is the body content for post 49. Lorem ipsum dolor sit amet, consectetur adipiscing elit.', 'sample-post-title-49', 5, 3, '2025-06-05 20:41:14', '2025-06-05 20:41:14', 0),
(53, 'Sample Post Title 50', 'This is the body content for post 50. Lorem ipsum dolor sit amet, consectetur adipiscing elit.', 'sample-post-title-50', 1, 4, '2025-06-05 20:41:14', '2025-06-05 20:41:14', 0),
(54, 'Sample Post Title 51', 'This is the body content for post 51. Lorem ipsum dolor sit amet, consectetur adipiscing elit.', 'sample-post-title-51', 3, 11, '2025-06-05 20:41:14', '2025-06-05 20:41:14', 0),
(55, 'Sample Post Title 52', 'This is the body content for post 52. Lorem ipsum dolor sit amet, consectetur adipiscing elit.', 'sample-post-title-52', 1, 10, '2025-06-05 20:41:14', '2025-06-05 20:41:14', 0),
(56, 'Sample Post Title 53', 'This is the body content for post 53. Lorem ipsum dolor sit amet, consectetur adipiscing elit.', 'sample-post-title-53', 5, 5, '2025-06-05 20:41:14', '2025-06-05 20:41:14', 0),
(57, 'Sample Post Title 54', 'This is the body content for post 54. Lorem ipsum dolor sit amet, consectetur adipiscing elit.', 'sample-post-title-54', 1, 3, '2025-06-05 20:41:14', '2025-06-05 20:41:14', 0),
(58, 'Sample Post Title 55', 'This is the body content for post 55. Lorem ipsum dolor sit amet, consectetur adipiscing elit.', 'sample-post-title-55', 6, 1, '2025-06-05 20:41:14', '2025-06-05 20:41:14', 0),
(59, 'Sample Post Title 56', 'This is the body content for post 56. Lorem ipsum dolor sit amet, consectetur adipiscing elit.', 'sample-post-title-56', 6, 3, '2025-06-05 20:41:14', '2025-06-05 20:41:14', 0),
(60, 'Sample Post Title 57', 'This is the body content for post 57. Lorem ipsum dolor sit amet, consectetur adipiscing elit.', 'sample-post-title-57', 6, 10, '2025-06-05 20:41:14', '2025-06-05 20:41:14', 0),
(61, 'Sample Post Title 58', 'This is the body content for post 58. Lorem ipsum dolor sit amet, consectetur adipiscing elit.', 'sample-post-title-58', 4, 3, '2025-06-05 20:41:14', '2025-06-05 20:41:14', 0),
(62, 'Sample Post Title 59', 'This is the body content for post 59. Lorem ipsum dolor sit amet, consectetur adipiscing elit.', 'sample-post-title-59', 4, 5, '2025-06-05 20:41:14', '2025-06-05 20:41:14', 0),
(63, 'Sample Post Title 60', 'This is the body content for post 60. Lorem ipsum dolor sit amet, consectetur adipiscing elit.', 'sample-post-title-60', 6, 6, '2025-06-05 20:41:14', '2025-06-05 20:41:14', 0),
(64, 'Sample Post Title 61', 'This is the body content for post 61. Lorem ipsum dolor sit amet, consectetur adipiscing elit.', 'sample-post-title-61', 3, 12, '2025-06-05 20:41:14', '2025-06-05 20:41:14', 0),
(65, 'Sample Post Title 62', 'This is the body content for post 62. Lorem ipsum dolor sit amet, consectetur adipiscing elit.', 'sample-post-title-62', 3, 6, '2025-06-05 20:41:14', '2025-06-05 20:41:14', 0),
(66, 'Sample Post Title 63', 'This is the body content for post 63. Lorem ipsum dolor sit amet, consectetur adipiscing elit.', 'sample-post-title-63', 4, 10, '2025-06-05 20:41:14', '2025-06-05 20:41:14', 0),
(67, 'Sample Post Title 64', 'This is the body content for post 64. Lorem ipsum dolor sit amet, consectetur adipiscing elit.', 'sample-post-title-64', 5, 2, '2025-06-05 20:41:14', '2025-06-05 20:41:14', 0),
(68, 'Sample Post Title 65', 'This is the body content for post 65. Lorem ipsum dolor sit amet, consectetur adipiscing elit.', 'sample-post-title-65', 3, 10, '2025-06-05 20:41:14', '2025-06-05 20:41:14', 0),
(69, 'Sample Post Title 66', 'This is the body content for post 66. Lorem ipsum dolor sit amet, consectetur adipiscing elit.', 'sample-post-title-66', 6, 5, '2025-06-05 20:41:14', '2025-06-05 20:41:14', 0),
(70, 'Sample Post Title 67', 'This is the body content for post 67. Lorem ipsum dolor sit amet, consectetur adipiscing elit.', 'sample-post-title-67', 3, 10, '2025-06-05 20:41:14', '2025-06-05 20:41:14', 0),
(71, 'Sample Post Title 68', 'This is the body content for post 68. Lorem ipsum dolor sit amet, consectetur adipiscing elit.', 'sample-post-title-68', 1, 1, '2025-06-05 20:41:14', '2025-06-05 20:41:14', 0),
(72, 'Sample Post Title 69', 'This is the body content for post 69. Lorem ipsum dolor sit amet, consectetur adipiscing elit.', 'sample-post-title-69', 6, 11, '2025-06-05 20:41:14', '2025-06-05 20:41:14', 0),
(73, 'Sample Post Title 70', 'This is the body content for post 70. Lorem ipsum dolor sit amet, consectetur adipiscing elit.', 'sample-post-title-70', 4, 5, '2025-06-05 20:41:14', '2025-06-05 20:41:14', 0),
(74, 'Sample Post Title 71', 'This is the body content for post 71. Lorem ipsum dolor sit amet, consectetur adipiscing elit.', 'sample-post-title-71', 1, 5, '2025-06-05 20:41:14', '2025-06-05 20:41:14', 0),
(75, 'Sample Post Title 72', 'This is the body content for post 72. Lorem ipsum dolor sit amet, consectetur adipiscing elit.', 'sample-post-title-72', 1, 11, '2025-06-05 20:41:14', '2025-06-05 20:41:14', 0),
(76, 'Sample Post Title 73', 'This is the body content for post 73. Lorem ipsum dolor sit amet, consectetur adipiscing elit.', 'sample-post-title-73', 5, 3, '2025-06-05 20:41:14', '2025-06-05 20:41:14', 0),
(77, 'Sample Post Title 74', 'This is the body content for post 74. Lorem ipsum dolor sit amet, consectetur adipiscing elit.', 'sample-post-title-74', 4, 10, '2025-06-05 20:41:14', '2025-06-05 20:41:14', 0),
(78, 'Sample Post Title 75', 'This is the body content for post 75. Lorem ipsum dolor sit amet, consectetur adipiscing elit.', 'sample-post-title-75', 3, 6, '2025-06-05 20:41:14', '2025-06-05 20:41:14', 0),
(79, 'Sample Post Title 76', 'This is the body content for post 76. Lorem ipsum dolor sit amet, consectetur adipiscing elit.', 'sample-post-title-76', 6, 2, '2025-06-05 20:41:14', '2025-06-05 20:41:14', 0),
(80, 'Sample Post Title 77', 'This is the body content for post 77. Lorem ipsum dolor sit amet, consectetur adipiscing elit.', 'sample-post-title-77', 5, 11, '2025-06-05 20:41:14', '2025-06-05 20:41:14', 0),
(81, 'Sample Post Title 78', 'This is the body content for post 78. Lorem ipsum dolor sit amet, consectetur adipiscing elit.', 'sample-post-title-78', 5, 10, '2025-06-05 20:41:14', '2025-06-05 20:41:14', 0),
(82, 'Sample Post Title 79', 'This is the body content for post 79. Lorem ipsum dolor sit amet, consectetur adipiscing elit.', 'sample-post-title-79', 4, 2, '2025-06-05 20:41:14', '2025-06-05 20:41:14', 0),
(83, 'Sample Post Title 80', 'This is the body content for post 80. Lorem ipsum dolor sit amet, consectetur adipiscing elit.', 'sample-post-title-80', 4, 4, '2025-06-05 20:41:14', '2025-06-05 20:41:14', 0),
(84, 'Sample Post Title 81', 'This is the body content for post 81. Lorem ipsum dolor sit amet, consectetur adipiscing elit.', 'sample-post-title-81', 3, 2, '2025-06-05 20:41:14', '2025-06-05 20:41:14', 0),
(85, 'Sample Post Title 82', 'This is the body content for post 82. Lorem ipsum dolor sit amet, consectetur adipiscing elit.', 'sample-post-title-82', 6, 10, '2025-06-05 20:41:14', '2025-06-05 20:41:14', 0),
(86, 'Sample Post Title 83', 'This is the body content for post 83. Lorem ipsum dolor sit amet, consectetur adipiscing elit.', 'sample-post-title-83', 6, 4, '2025-06-05 20:41:14', '2025-06-05 20:41:14', 0),
(87, 'Sample Post Title 84', 'This is the body content for post 84. Lorem ipsum dolor sit amet, consectetur adipiscing elit.', 'sample-post-title-84', 1, 6, '2025-06-05 20:41:14', '2025-06-05 20:41:14', 0),
(88, 'Sample Post Title 85', 'This is the body content for post 85. Lorem ipsum dolor sit amet, consectetur adipiscing elit.', 'sample-post-title-85', 3, 2, '2025-06-05 20:41:14', '2025-06-05 20:41:14', 0),
(89, 'Sample Post Title 86', 'This is the body content for post 86. Lorem ipsum dolor sit amet, consectetur adipiscing elit.', 'sample-post-title-86', 5, 1, '2025-06-05 20:41:14', '2025-06-05 20:41:14', 0),
(90, 'Sample Post Title 87', 'This is the body content for post 87. Lorem ipsum dolor sit amet, consectetur adipiscing elit.', 'sample-post-title-87', 1, 6, '2025-06-05 20:41:14', '2025-06-05 20:41:14', 0),
(91, 'Sample Post Title 88', 'This is the body content for post 88. Lorem ipsum dolor sit amet, consectetur adipiscing elit.', 'sample-post-title-88', 5, 2, '2025-06-05 20:41:14', '2025-06-05 20:41:14', 0),
(92, 'Sample Post Title 89', 'This is the body content for post 89. Lorem ipsum dolor sit amet, consectetur adipiscing elit.', 'sample-post-title-89', 6, 2, '2025-06-05 20:41:14', '2025-06-05 20:41:14', 0),
(93, 'Sample Post Title 90', 'This is the body content for post 90. Lorem ipsum dolor sit amet, consectetur adipiscing elit.', 'sample-post-title-90', 5, 2, '2025-06-05 20:41:14', '2025-06-05 20:41:14', 0),
(94, 'Sample Post Title 91', 'This is the body content for post 91. Lorem ipsum dolor sit amet, consectetur adipiscing elit.', 'sample-post-title-91', 5, 4, '2025-06-05 20:41:14', '2025-06-05 20:41:14', 0),
(95, 'Sample Post Title 92', 'This is the body content for post 92. Lorem ipsum dolor sit amet, consectetur adipiscing elit.', 'sample-post-title-92', 5, 10, '2025-06-05 20:41:14', '2025-06-05 20:41:14', 0),
(96, 'Sample Post Title 93', 'This is the body content for post 93. Lorem ipsum dolor sit amet, consectetur adipiscing elit.', 'sample-post-title-93', 3, 1, '2025-06-05 20:41:14', '2025-06-05 20:41:14', 0),
(97, 'Sample Post Title 94', 'This is the body content for post 94. Lorem ipsum dolor sit amet, consectetur adipiscing elit.', 'sample-post-title-94', 4, 12, '2025-06-05 20:41:14', '2025-06-05 20:41:14', 0),
(98, 'Sample Post Title 95', 'This is the body content for post 95. Lorem ipsum dolor sit amet, consectetur adipiscing elit.', 'sample-post-title-95', 3, 1, '2025-06-05 20:41:14', '2025-06-05 20:41:14', 0),
(99, 'Sample Post Title 96', 'This is the body content for post 96. Lorem ipsum dolor sit amet, consectetur adipiscing elit.', 'sample-post-title-96', 1, 4, '2025-06-05 20:41:14', '2025-06-05 20:41:14', 0),
(100, 'Sample Post Title 97', 'This is the body content for post 97. Lorem ipsum dolor sit amet, consectetur adipiscing elit.', 'sample-post-title-97', 4, 10, '2025-06-05 20:41:14', '2025-06-05 20:41:14', 0),
(101, 'Sample Post Title 98', 'This is the body content for post 98. Lorem ipsum dolor sit amet, consectetur adipiscing elit.', 'sample-post-title-98', 5, 5, '2025-06-05 20:41:14', '2025-06-05 20:41:14', 0),
(102, 'Sample Post Title 99', 'This is the body content for post 99. Lorem ipsum dolor sit amet, consectetur adipiscing elit.', 'sample-post-title-99', 6, 12, '2025-06-05 20:41:14', '2025-06-05 20:41:14', 0),
(103, 'Sample Post Title 100', 'This is the body content for post 100. Lorem ipsum dolor sit amet, consectetur adipiscing elit.', 'sample-post-title-100', 6, 6, '2025-06-05 20:41:14', '2025-06-05 20:41:14', 0),
(104, 'Sample Post Title 101', 'This is the body content for post 101. Lorem ipsum dolor sit amet, consectetur adipiscing elit.', 'sample-post-title-101', 5, 12, '2025-06-05 20:41:14', '2025-06-05 20:41:14', 0),
(105, 'Sample Post Title 102', 'This is the body content for post 102. Lorem ipsum dolor sit amet, consectetur adipiscing elit.', 'sample-post-title-102', 6, 3, '2025-06-05 20:41:14', '2025-06-05 20:41:14', 0),
(106, 'Sample Post Title 103', 'This is the body content for post 103. Lorem ipsum dolor sit amet, consectetur adipiscing elit.', 'sample-post-title-103', 5, 5, '2025-06-05 20:41:14', '2025-06-05 20:41:14', 0),
(107, 'Sample Post Title 104', 'This is the body content for post 104. Lorem ipsum dolor sit amet, consectetur adipiscing elit.', 'sample-post-title-104', 4, 10, '2025-06-05 20:41:14', '2025-06-05 20:41:14', 0),
(108, 'Sample Post Title 105', 'This is the body content for post 105. Lorem ipsum dolor sit amet, consectetur adipiscing elit.', 'sample-post-title-105', 6, 4, '2025-06-05 20:41:14', '2025-06-05 20:41:14', 0),
(109, 'Sample Post Title 106', 'This is the body content for post 106. Lorem ipsum dolor sit amet, consectetur adipiscing elit.', 'sample-post-title-106', 6, 11, '2025-06-05 20:41:14', '2025-06-05 20:41:14', 0),
(110, 'Sample Post Title 107', 'This is the body content for post 107. Lorem ipsum dolor sit amet, consectetur adipiscing elit.', 'sample-post-title-107', 1, 4, '2025-06-05 20:41:14', '2025-06-05 20:41:14', 0),
(111, 'Sample Post Title 108', 'This is the body content for post 108. Lorem ipsum dolor sit amet, consectetur adipiscing elit.', 'sample-post-title-108', 6, 6, '2025-06-05 20:41:14', '2025-06-05 20:41:14', 0),
(112, 'Sample Post Title 109', 'This is the body content for post 109. Lorem ipsum dolor sit amet, consectetur adipiscing elit.', 'sample-post-title-109', 6, 6, '2025-06-05 20:41:14', '2025-06-05 20:41:14', 0),
(113, 'Sample Post Title 110', 'This is the body content for post 110. Lorem ipsum dolor sit amet, consectetur adipiscing elit.', 'sample-post-title-110', 5, 5, '2025-06-05 20:41:14', '2025-06-05 20:41:14', 0),
(114, 'Sample Post Title 111', 'This is the body content for post 111. Lorem ipsum dolor sit amet, consectetur adipiscing elit.', 'sample-post-title-111', 1, 3, '2025-06-05 20:41:14', '2025-06-05 20:41:14', 0),
(115, 'Sample Post Title 112', 'This is the body content for post 112. Lorem ipsum dolor sit amet, consectetur adipiscing elit.', 'sample-post-title-112', 3, 6, '2025-06-05 20:41:14', '2025-06-05 20:41:14', 0),
(116, 'Sample Post Title 113', 'This is the body content for post 113. Lorem ipsum dolor sit amet, consectetur adipiscing elit.', 'sample-post-title-113', 3, 1, '2025-06-05 20:41:14', '2025-06-05 20:41:14', 0),
(117, 'Sample Post Title 114', 'This is the body content for post 114. Lorem ipsum dolor sit amet, consectetur adipiscing elit.', 'sample-post-title-114', 6, 6, '2025-06-05 20:41:14', '2025-06-05 20:41:14', 0),
(118, 'Sample Post Title 115', 'This is the body content for post 115. Lorem ipsum dolor sit amet, consectetur adipiscing elit.', 'sample-post-title-115', 5, 3, '2025-06-05 20:41:14', '2025-06-05 20:41:14', 0),
(119, 'Sample Post Title 116', 'This is the body content for post 116. Lorem ipsum dolor sit amet, consectetur adipiscing elit.', 'sample-post-title-116', 1, 5, '2025-06-05 20:41:14', '2025-06-05 20:41:14', 0),
(120, 'Sample Post Title 117', 'This is the body content for post 117. Lorem ipsum dolor sit amet, consectetur adipiscing elit.', 'sample-post-title-117', 6, 6, '2025-06-05 20:41:14', '2025-06-05 20:41:14', 0),
(121, 'Sample Post Title 118', 'This is the body content for post 118. Lorem ipsum dolor sit amet, consectetur adipiscing elit.', 'sample-post-title-118', 3, 5, '2025-06-05 20:41:14', '2025-06-05 20:41:14', 0),
(122, 'Sample Post Title 119', 'This is the body content for post 119. Lorem ipsum dolor sit amet, consectetur adipiscing elit.', 'sample-post-title-119', 5, 1, '2025-06-05 20:41:14', '2025-06-05 20:41:14', 0),
(123, 'Sample Post Title 120', 'This is the body content for post 120. Lorem ipsum dolor sit amet, consectetur adipiscing elit.', 'sample-post-title-120', 6, 2, '2025-06-05 20:41:14', '2025-06-05 20:41:14', 0),
(124, 'Sample Post Title 121', 'This is the body content for post 121. Lorem ipsum dolor sit amet, consectetur adipiscing elit.', 'sample-post-title-121', 5, 12, '2025-06-05 20:41:14', '2025-06-05 20:41:14', 0),
(125, 'Sample Post Title 122', 'This is the body content for post 122. Lorem ipsum dolor sit amet, consectetur adipiscing elit.', 'sample-post-title-122', 5, 2, '2025-06-05 20:41:14', '2025-06-05 20:41:14', 0),
(126, 'Sample Post Title 123', 'This is the body content for post 123. Lorem ipsum dolor sit amet, consectetur adipiscing elit.', 'sample-post-title-123', 6, 10, '2025-06-05 20:41:14', '2025-06-05 20:41:14', 0),
(127, 'Sample Post Title 124', 'This is the body content for post 124. Lorem ipsum dolor sit amet, consectetur adipiscing elit.', 'sample-post-title-124', 3, 2, '2025-06-05 20:41:14', '2025-06-05 20:41:14', 0),
(128, 'Sample Post Title 125', 'This is the body content for post 125. Lorem ipsum dolor sit amet, consectetur adipiscing elit.', 'sample-post-title-125', 5, 1, '2025-06-05 20:41:15', '2025-06-05 20:41:15', 0),
(129, 'Sample Post Title 126', 'This is the body content for post 126. Lorem ipsum dolor sit amet, consectetur adipiscing elit.', 'sample-post-title-126', 1, 10, '2025-06-05 20:41:15', '2025-06-05 20:41:15', 0),
(130, 'Sample Post Title 127', 'This is the body content for post 127. Lorem ipsum dolor sit amet, consectetur adipiscing elit.', 'sample-post-title-127', 4, 11, '2025-06-05 20:41:15', '2025-06-05 20:41:15', 0),
(131, 'Sample Post Title 128', 'This is the body content for post 128. Lorem ipsum dolor sit amet, consectetur adipiscing elit.', 'sample-post-title-128', 6, 6, '2025-06-05 20:41:15', '2025-06-05 20:41:15', 0),
(132, 'Sample Post Title 129', 'This is the body content for post 129. Lorem ipsum dolor sit amet, consectetur adipiscing elit.', 'sample-post-title-129', 4, 12, '2025-06-05 20:41:15', '2025-06-05 20:41:15', 0),
(133, 'Sample Post Title 130', 'This is the body content for post 130. Lorem ipsum dolor sit amet, consectetur adipiscing elit.', 'sample-post-title-130', 4, 5, '2025-06-05 20:41:15', '2025-06-05 20:41:15', 0),
(134, 'Sample Post Title 131', 'This is the body content for post 131. Lorem ipsum dolor sit amet, consectetur adipiscing elit.', 'sample-post-title-131', 3, 6, '2025-06-05 20:41:15', '2025-06-05 20:41:15', 0),
(135, 'Sample Post Title 132', 'This is the body content for post 132. Lorem ipsum dolor sit amet, consectetur adipiscing elit.', 'sample-post-title-132', 1, 11, '2025-06-05 20:41:15', '2025-06-05 20:41:15', 0),
(136, 'Sample Post Title 133', 'This is the body content for post 133. Lorem ipsum dolor sit amet, consectetur adipiscing elit.', 'sample-post-title-133', 4, 12, '2025-06-05 20:41:15', '2025-06-05 20:41:15', 0),
(137, 'Sample Post Title 134', 'This is the body content for post 134. Lorem ipsum dolor sit amet, consectetur adipiscing elit.', 'sample-post-title-134', 5, 6, '2025-06-05 20:41:15', '2025-06-05 20:41:15', 0),
(138, 'Sample Post Title 135', 'This is the body content for post 135. Lorem ipsum dolor sit amet, consectetur adipiscing elit.', 'sample-post-title-135', 4, 1, '2025-06-05 20:41:15', '2025-06-05 20:41:15', 0),
(139, 'Sample Post Title 136', 'This is the body content for post 136. Lorem ipsum dolor sit amet, consectetur adipiscing elit.', 'sample-post-title-136', 4, 5, '2025-06-05 20:41:15', '2025-06-05 20:41:15', 0),
(140, 'Sample Post Title 137', 'This is the body content for post 137. Lorem ipsum dolor sit amet, consectetur adipiscing elit.', 'sample-post-title-137', 5, 5, '2025-06-05 20:41:15', '2025-06-05 20:41:15', 0),
(141, 'Sample Post Title 138', 'This is the body content for post 138. Lorem ipsum dolor sit amet, consectetur adipiscing elit.', 'sample-post-title-138', 4, 11, '2025-06-05 20:41:15', '2025-06-05 20:41:15', 0),
(142, 'Sample Post Title 139', 'This is the body content for post 139. Lorem ipsum dolor sit amet, consectetur adipiscing elit.', 'sample-post-title-139', 3, 12, '2025-06-05 20:41:15', '2025-06-05 20:41:15', 0),
(143, 'Sample Post Title 140', 'This is the body content for post 140. Lorem ipsum dolor sit amet, consectetur adipiscing elit.', 'sample-post-title-140', 6, 11, '2025-06-05 20:41:15', '2025-06-05 20:41:15', 0),
(144, 'Sample Post Title 141', 'This is the body content for post 141. Lorem ipsum dolor sit amet, consectetur adipiscing elit.', 'sample-post-title-141', 4, 11, '2025-06-05 20:41:15', '2025-06-05 20:41:15', 0),
(145, 'Sample Post Title 142', 'This is the body content for post 142. Lorem ipsum dolor sit amet, consectetur adipiscing elit.', 'sample-post-title-142', 4, 11, '2025-06-05 20:41:15', '2025-06-05 20:41:15', 0),
(146, 'Sample Post Title 143', 'This is the body content for post 143. Lorem ipsum dolor sit amet, consectetur adipiscing elit.', 'sample-post-title-143', 5, 6, '2025-06-05 20:41:15', '2025-06-05 20:41:15', 0),
(147, 'Sample Post Title 144', 'This is the body content for post 144. Lorem ipsum dolor sit amet, consectetur adipiscing elit.', 'sample-post-title-144', 3, 1, '2025-06-05 20:41:15', '2025-06-05 20:41:15', 0),
(148, 'Sample Post Title 145', 'This is the body content for post 145. Lorem ipsum dolor sit amet, consectetur adipiscing elit.', 'sample-post-title-145', 3, 6, '2025-06-05 20:41:15', '2025-06-05 20:41:15', 0),
(149, 'Sample Post Title 146', 'This is the body content for post 146. Lorem ipsum dolor sit amet, consectetur adipiscing elit.', 'sample-post-title-146', 6, 11, '2025-06-05 20:41:15', '2025-06-05 20:41:15', 0),
(150, 'Sample Post Title 147', 'This is the body content for post 147. Lorem ipsum dolor sit amet, consectetur adipiscing elit.', 'sample-post-title-147', 1, 4, '2025-06-05 20:41:15', '2025-06-05 20:41:15', 0),
(151, 'Sample Post Title 148', 'This is the body content for post 148. Lorem ipsum dolor sit amet, consectetur adipiscing elit.', 'sample-post-title-148', 3, 1, '2025-06-05 20:41:15', '2025-06-05 20:41:15', 0),
(152, 'Sample Post Title 149', 'This is the body content for post 149. Lorem ipsum dolor sit amet, consectetur adipiscing elit.', 'sample-post-title-149', 3, 11, '2025-06-05 20:41:15', '2025-06-05 20:41:15', 0),
(153, 'Sample Post Title 150', 'This is the body content for post 150. Lorem ipsum dolor sit amet, consectetur adipiscing elit.', 'sample-post-title-150', 1, 5, '2025-06-05 20:41:15', '2025-06-05 20:41:15', 0),
(154, 'Sample Post Title 151', 'This is the body content for post 151. Lorem ipsum dolor sit amet, consectetur adipiscing elit.', 'sample-post-title-151', 3, 4, '2025-06-05 20:41:15', '2025-06-05 20:41:15', 0),
(155, 'Sample Post Title 152', 'This is the body content for post 152. Lorem ipsum dolor sit amet, consectetur adipiscing elit.', 'sample-post-title-152', 1, 12, '2025-06-05 20:41:15', '2025-06-05 20:41:15', 0),
(156, 'Sample Post Title 153', 'This is the body content for post 153. Lorem ipsum dolor sit amet, consectetur adipiscing elit.', 'sample-post-title-153', 5, 10, '2025-06-05 20:41:15', '2025-06-05 20:41:15', 0),
(157, 'Sample Post Title 154', 'This is the body content for post 154. Lorem ipsum dolor sit amet, consectetur adipiscing elit.', 'sample-post-title-154', 1, 6, '2025-06-05 20:41:15', '2025-06-05 20:41:15', 0),
(158, 'Sample Post Title 155', 'This is the body content for post 155. Lorem ipsum dolor sit amet, consectetur adipiscing elit.', 'sample-post-title-155', 1, 4, '2025-06-05 20:41:15', '2025-06-05 20:41:15', 0),
(159, 'Sample Post Title 156', 'This is the body content for post 156. Lorem ipsum dolor sit amet, consectetur adipiscing elit.', 'sample-post-title-156', 1, 12, '2025-06-05 20:41:15', '2025-06-05 20:41:15', 0),
(160, 'Sample Post Title 157', 'This is the body content for post 157. Lorem ipsum dolor sit amet, consectetur adipiscing elit.', 'sample-post-title-157', 3, 6, '2025-06-05 20:41:15', '2025-06-05 20:41:15', 0),
(161, 'Sample Post Title 158', 'This is the body content for post 158. Lorem ipsum dolor sit amet, consectetur adipiscing elit.', 'sample-post-title-158', 5, 6, '2025-06-05 20:41:15', '2025-06-05 20:41:15', 0),
(162, 'Sample Post Title 159', 'This is the body content for post 159. Lorem ipsum dolor sit amet, consectetur adipiscing elit.', 'sample-post-title-159', 3, 3, '2025-06-05 20:41:15', '2025-06-05 20:41:15', 0),
(163, 'Sample Post Title 160', 'This is the body content for post 160. Lorem ipsum dolor sit amet, consectetur adipiscing elit.', 'sample-post-title-160', 1, 4, '2025-06-05 20:41:15', '2025-06-05 20:41:15', 0),
(164, 'Sample Post Title 161', 'This is the body content for post 161. Lorem ipsum dolor sit amet, consectetur adipiscing elit.', 'sample-post-title-161', 5, 1, '2025-06-05 20:41:15', '2025-06-05 20:41:15', 0),
(165, 'Sample Post Title 162', 'This is the body content for post 162. Lorem ipsum dolor sit amet, consectetur adipiscing elit.', 'sample-post-title-162', 1, 2, '2025-06-05 20:41:15', '2025-06-05 20:41:15', 0),
(166, 'Sample Post Title 163', 'This is the body content for post 163. Lorem ipsum dolor sit amet, consectetur adipiscing elit.', 'sample-post-title-163', 3, 2, '2025-06-05 20:41:15', '2025-06-05 20:41:15', 0),
(167, 'Sample Post Title 164', 'This is the body content for post 164. Lorem ipsum dolor sit amet, consectetur adipiscing elit.', 'sample-post-title-164', 3, 2, '2025-06-05 20:41:15', '2025-06-05 20:41:15', 0),
(168, 'Sample Post Title 165', 'This is the body content for post 165. Lorem ipsum dolor sit amet, consectetur adipiscing elit.', 'sample-post-title-165', 4, 10, '2025-06-05 20:41:15', '2025-06-05 20:41:15', 0),
(169, 'Sample Post Title 166', 'This is the body content for post 166. Lorem ipsum dolor sit amet, consectetur adipiscing elit.', 'sample-post-title-166', 1, 5, '2025-06-05 20:41:15', '2025-06-05 20:41:15', 0),
(170, 'Sample Post Title 167', 'This is the body content for post 167. Lorem ipsum dolor sit amet, consectetur adipiscing elit.', 'sample-post-title-167', 1, 6, '2025-06-05 20:41:15', '2025-06-05 20:41:15', 0),
(171, 'Sample Post Title 168', 'This is the body content for post 168. Lorem ipsum dolor sit amet, consectetur adipiscing elit.', 'sample-post-title-168', 3, 10, '2025-06-05 20:41:15', '2025-06-05 20:41:15', 0),
(172, 'Sample Post Title 169', 'This is the body content for post 169. Lorem ipsum dolor sit amet, consectetur adipiscing elit.', 'sample-post-title-169', 5, 10, '2025-06-05 20:41:15', '2025-06-05 20:41:15', 0),
(173, 'Sample Post Title 170', 'This is the body content for post 170. Lorem ipsum dolor sit amet, consectetur adipiscing elit.', 'sample-post-title-170', 1, 4, '2025-06-05 20:41:15', '2025-06-05 20:41:15', 0),
(174, 'Sample Post Title 171', 'This is the body content for post 171. Lorem ipsum dolor sit amet, consectetur adipiscing elit.', 'sample-post-title-171', 1, 3, '2025-06-05 20:41:15', '2025-06-05 20:41:15', 0),
(175, 'Sample Post Title 172', 'This is the body content for post 172. Lorem ipsum dolor sit amet, consectetur adipiscing elit.', 'sample-post-title-172', 3, 10, '2025-06-05 20:41:15', '2025-06-05 20:41:15', 0),
(176, 'Sample Post Title 173', 'This is the body content for post 173. Lorem ipsum dolor sit amet, consectetur adipiscing elit.', 'sample-post-title-173', 6, 5, '2025-06-05 20:41:15', '2025-06-05 20:41:15', 0),
(177, 'Sample Post Title 174', 'This is the body content for post 174. Lorem ipsum dolor sit amet, consectetur adipiscing elit.', 'sample-post-title-174', 6, 1, '2025-06-05 20:41:15', '2025-06-05 20:41:15', 0),
(178, 'Sample Post Title 175', 'This is the body content for post 175. Lorem ipsum dolor sit amet, consectetur adipiscing elit.', 'sample-post-title-175', 6, 6, '2025-06-05 20:41:15', '2025-06-05 20:41:15', 0),
(179, 'Sample Post Title 176', 'This is the body content for post 176. Lorem ipsum dolor sit amet, consectetur adipiscing elit.', 'sample-post-title-176', 1, 3, '2025-06-05 20:41:15', '2025-06-05 20:41:15', 0),
(180, 'Sample Post Title 177', 'This is the body content for post 177. Lorem ipsum dolor sit amet, consectetur adipiscing elit.', 'sample-post-title-177', 1, 4, '2025-06-05 20:41:15', '2025-06-05 20:41:15', 0),
(181, 'Sample Post Title 178', 'This is the body content for post 178. Lorem ipsum dolor sit amet, consectetur adipiscing elit.', 'sample-post-title-178', 4, 1, '2025-06-05 20:41:15', '2025-06-05 20:41:15', 0),
(182, 'Sample Post Title 179', 'This is the body content for post 179. Lorem ipsum dolor sit amet, consectetur adipiscing elit.', 'sample-post-title-179', 5, 3, '2025-06-05 20:41:15', '2025-06-05 20:41:15', 0),
(183, 'Sample Post Title 180', 'This is the body content for post 180. Lorem ipsum dolor sit amet, consectetur adipiscing elit.', 'sample-post-title-180', 6, 2, '2025-06-05 20:41:15', '2025-06-05 20:41:15', 0),
(184, 'Sample Post Title 181', 'This is the body content for post 181. Lorem ipsum dolor sit amet, consectetur adipiscing elit.', 'sample-post-title-181', 1, 12, '2025-06-05 20:41:15', '2025-06-05 20:41:15', 0),
(185, 'Sample Post Title 182', 'This is the body content for post 182. Lorem ipsum dolor sit amet, consectetur adipiscing elit.', 'sample-post-title-182', 5, 12, '2025-06-05 20:41:15', '2025-06-05 20:41:15', 0),
(186, 'Sample Post Title 183', 'This is the body content for post 183. Lorem ipsum dolor sit amet, consectetur adipiscing elit.', 'sample-post-title-183', 6, 4, '2025-06-05 20:41:15', '2025-06-05 20:41:15', 0),
(187, 'Sample Post Title 184', 'This is the body content for post 184. Lorem ipsum dolor sit amet, consectetur adipiscing elit.', 'sample-post-title-184', 6, 11, '2025-06-05 20:41:15', '2025-06-05 20:41:15', 0),
(188, 'Sample Post Title 185', 'This is the body content for post 185. Lorem ipsum dolor sit amet, consectetur adipiscing elit.', 'sample-post-title-185', 5, 5, '2025-06-05 20:41:15', '2025-06-05 20:41:15', 0),
(189, 'Sample Post Title 186', 'This is the body content for post 186. Lorem ipsum dolor sit amet, consectetur adipiscing elit.', 'sample-post-title-186', 3, 10, '2025-06-05 20:41:15', '2025-06-05 20:41:15', 0),
(190, 'Sample Post Title 187', 'This is the body content for post 187. Lorem ipsum dolor sit amet, consectetur adipiscing elit.', 'sample-post-title-187', 1, 3, '2025-06-05 20:41:15', '2025-06-05 20:41:15', 0),
(191, 'Sample Post Title 188', 'This is the body content for post 188. Lorem ipsum dolor sit amet, consectetur adipiscing elit.', 'sample-post-title-188', 4, 4, '2025-06-05 20:41:15', '2025-06-05 20:41:15', 0),
(192, 'Sample Post Title 189', 'This is the body content for post 189. Lorem ipsum dolor sit amet, consectetur adipiscing elit.', 'sample-post-title-189', 4, 6, '2025-06-05 20:41:15', '2025-06-05 20:41:15', 0),
(193, 'Sample Post Title 190', 'This is the body content for post 190. Lorem ipsum dolor sit amet, consectetur adipiscing elit.', 'sample-post-title-190', 4, 12, '2025-06-05 20:41:15', '2025-06-05 20:41:15', 0),
(194, 'Sample Post Title 191', 'This is the body content for post 191. Lorem ipsum dolor sit amet, consectetur adipiscing elit.', 'sample-post-title-191', 1, 5, '2025-06-05 20:41:15', '2025-06-05 20:41:15', 0),
(195, 'Sample Post Title 192', 'This is the body content for post 192. Lorem ipsum dolor sit amet, consectetur adipiscing elit.', 'sample-post-title-192', 5, 4, '2025-06-05 20:41:15', '2025-06-05 20:41:15', 0),
(196, 'Sample Post Title 193', 'This is the body content for post 193. Lorem ipsum dolor sit amet, consectetur adipiscing elit.', 'sample-post-title-193', 4, 12, '2025-06-05 20:41:15', '2025-06-05 20:41:15', 0),
(197, 'Sample Post Title 194', 'This is the body content for post 194. Lorem ipsum dolor sit amet, consectetur adipiscing elit.', 'sample-post-title-194', 3, 1, '2025-06-05 20:41:15', '2025-06-05 20:41:15', 0),
(198, 'Sample Post Title 195', 'This is the body content for post 195. Lorem ipsum dolor sit amet, consectetur adipiscing elit.', 'sample-post-title-195', 1, 11, '2025-06-05 20:41:15', '2025-06-05 20:41:15', 0),
(199, 'Sample Post Title 196', 'This is the body content for post 196. Lorem ipsum dolor sit amet, consectetur adipiscing elit.', 'sample-post-title-196', 3, 6, '2025-06-05 20:41:15', '2025-06-05 20:41:15', 0),
(200, 'Sample Post Title 197', 'This is the body content for post 197. Lorem ipsum dolor sit amet, consectetur adipiscing elit.', 'sample-post-title-197', 5, 11, '2025-06-05 20:41:15', '2025-06-05 20:41:15', 0),
(201, 'Sample Post Title 198', 'This is the body content for post 198. Lorem ipsum dolor sit amet, consectetur adipiscing elit.', 'sample-post-title-198', 3, 10, '2025-06-05 20:41:15', '2025-06-05 20:41:15', 0),
(202, 'Sample Post Title 199', 'This is the body content for post 199. Lorem ipsum dolor sit amet, consectetur adipiscing elit.', 'sample-post-title-199', 4, 10, '2025-06-05 20:41:15', '2025-06-05 20:41:15', 0),
(203, 'Sample Post Title 200', 'This is the body content for post 200. Lorem ipsum dolor sit amet, consectetur adipiscing elit.', 'sample-post-title-200', 3, 5, '2025-06-05 20:41:15', '2025-06-05 20:41:15', 0),
(204, 'Sample Post Title 201', 'This is the body content for post 201. Lorem ipsum dolor sit amet, consectetur adipiscing elit.', 'sample-post-title-201', 5, 11, '2025-06-05 20:41:15', '2025-06-05 20:41:15', 0),
(205, 'Sample Post Title 202', 'This is the body content for post 202. Lorem ipsum dolor sit amet, consectetur adipiscing elit.', 'sample-post-title-202', 1, 12, '2025-06-05 20:41:15', '2025-06-05 20:41:15', 0),
(206, 'Sample Post Title 203', 'This is the body content for post 203. Lorem ipsum dolor sit amet, consectetur adipiscing elit.', 'sample-post-title-203', 3, 2, '2025-06-05 20:41:15', '2025-06-05 20:41:15', 0),
(207, 'Sample Post Title 204', 'This is the body content for post 204. Lorem ipsum dolor sit amet, consectetur adipiscing elit.', 'sample-post-title-204', 4, 4, '2025-06-05 20:41:15', '2025-06-05 20:41:15', 0),
(208, 'Sample Post Title 205', 'This is the body content for post 205. Lorem ipsum dolor sit amet, consectetur adipiscing elit.', 'sample-post-title-205', 5, 11, '2025-06-05 20:41:15', '2025-06-05 20:41:15', 0),
(209, 'Sample Post Title 206', 'This is the body content for post 206. Lorem ipsum dolor sit amet, consectetur adipiscing elit.', 'sample-post-title-206', 6, 10, '2025-06-05 20:41:15', '2025-06-05 20:41:15', 0),
(210, 'Sample Post Title 207', 'This is the body content for post 207. Lorem ipsum dolor sit amet, consectetur adipiscing elit.', 'sample-post-title-207', 1, 1, '2025-06-05 20:41:15', '2025-06-05 20:41:15', 0),
(211, 'Sample Post Title 208', 'This is the body content for post 208. Lorem ipsum dolor sit amet, consectetur adipiscing elit.', 'sample-post-title-208', 3, 1, '2025-06-05 20:41:15', '2025-06-05 20:41:15', 0),
(212, 'Sample Post Title 209', 'This is the body content for post 209. Lorem ipsum dolor sit amet, consectetur adipiscing elit.', 'sample-post-title-209', 6, 10, '2025-06-05 20:41:15', '2025-06-05 20:41:15', 0),
(213, 'Sample Post Title 210', 'This is the body content for post 210. Lorem ipsum dolor sit amet, consectetur adipiscing elit.', 'sample-post-title-210', 4, 2, '2025-06-05 20:41:15', '2025-06-05 20:41:15', 0),
(214, 'Sample Post Title 211', 'This is the body content for post 211. Lorem ipsum dolor sit amet, consectetur adipiscing elit.', 'sample-post-title-211', 1, 2, '2025-06-05 20:41:15', '2025-06-05 20:41:15', 0),
(215, 'Sample Post Title 212', 'This is the body content for post 212. Lorem ipsum dolor sit amet, consectetur adipiscing elit.', 'sample-post-title-212', 4, 6, '2025-06-05 20:41:15', '2025-06-05 20:41:15', 0),
(216, 'Sample Post Title 213', 'This is the body content for post 213. Lorem ipsum dolor sit amet, consectetur adipiscing elit.', 'sample-post-title-213', 6, 12, '2025-06-05 20:41:15', '2025-06-05 20:41:15', 0),
(217, 'Sample Post Title 214', 'This is the body content for post 214. Lorem ipsum dolor sit amet, consectetur adipiscing elit.', 'sample-post-title-214', 3, 6, '2025-06-05 20:41:15', '2025-06-05 20:41:15', 0),
(218, 'Sample Post Title 215', 'This is the body content for post 215. Lorem ipsum dolor sit amet, consectetur adipiscing elit.', 'sample-post-title-215', 4, 4, '2025-06-05 20:41:15', '2025-06-05 20:41:15', 0),
(219, 'Sample Post Title 216', 'This is the body content for post 216. Lorem ipsum dolor sit amet, consectetur adipiscing elit.', 'sample-post-title-216', 3, 11, '2025-06-05 20:41:15', '2025-06-05 20:41:15', 0),
(220, 'Sample Post Title 217', 'This is the body content for post 217. Lorem ipsum dolor sit amet, consectetur adipiscing elit.', 'sample-post-title-217', 4, 10, '2025-06-05 20:41:15', '2025-06-05 20:41:15', 0),
(221, 'Sample Post Title 218', 'This is the body content for post 218. Lorem ipsum dolor sit amet, consectetur adipiscing elit.', 'sample-post-title-218', 6, 10, '2025-06-05 20:41:15', '2025-06-05 20:41:15', 0),
(222, 'Sample Post Title 219', 'This is the body content for post 219. Lorem ipsum dolor sit amet, consectetur adipiscing elit.', 'sample-post-title-219', 1, 3, '2025-06-05 20:41:15', '2025-06-05 20:41:15', 0),
(223, 'Sample Post Title 220', 'This is the body content for post 220. Lorem ipsum dolor sit amet, consectetur adipiscing elit.', 'sample-post-title-220', 4, 3, '2025-06-05 20:41:15', '2025-06-05 20:41:15', 0),
(224, 'Sample Post Title 221', 'This is the body content for post 221. Lorem ipsum dolor sit amet, consectetur adipiscing elit.', 'sample-post-title-221', 4, 1, '2025-06-05 20:41:15', '2025-06-05 20:41:15', 0),
(225, 'Sample Post Title 222', 'This is the body content for post 222. Lorem ipsum dolor sit amet, consectetur adipiscing elit.', 'sample-post-title-222', 6, 1, '2025-06-05 20:41:15', '2025-06-05 20:41:15', 0),
(226, 'Sample Post Title 223', 'This is the body content for post 223. Lorem ipsum dolor sit amet, consectetur adipiscing elit.', 'sample-post-title-223', 3, 11, '2025-06-05 20:41:15', '2025-06-05 20:41:15', 0),
(227, 'Sample Post Title 224', 'This is the body content for post 224. Lorem ipsum dolor sit amet, consectetur adipiscing elit.', 'sample-post-title-224', 6, 6, '2025-06-05 20:41:15', '2025-06-05 20:41:15', 0),
(228, 'Sample Post Title 225', 'This is the body content for post 225. Lorem ipsum dolor sit amet, consectetur adipiscing elit.', 'sample-post-title-225', 3, 11, '2025-06-05 20:41:15', '2025-06-05 20:41:15', 0),
(229, 'Sample Post Title 226', 'This is the body content for post 226. Lorem ipsum dolor sit amet, consectetur adipiscing elit.', 'sample-post-title-226', 6, 2, '2025-06-05 20:41:15', '2025-06-05 20:41:15', 0),
(230, 'Sample Post Title 227', 'This is the body content for post 227. Lorem ipsum dolor sit amet, consectetur adipiscing elit.', 'sample-post-title-227', 4, 6, '2025-06-05 20:41:15', '2025-06-05 20:41:15', 0),
(231, 'Sample Post Title 228', 'This is the body content for post 228. Lorem ipsum dolor sit amet, consectetur adipiscing elit.', 'sample-post-title-228', 5, 12, '2025-06-05 20:41:15', '2025-06-05 20:41:15', 0),
(232, 'Sample Post Title 229', 'This is the body content for post 229. Lorem ipsum dolor sit amet, consectetur adipiscing elit.', 'sample-post-title-229', 6, 6, '2025-06-05 20:41:15', '2025-06-05 20:41:15', 0),
(233, 'Sample Post Title 230', 'This is the body content for post 230. Lorem ipsum dolor sit amet, consectetur adipiscing elit.', 'sample-post-title-230', 6, 10, '2025-06-05 20:41:15', '2025-06-05 20:41:15', 0),
(234, 'Sample Post Title 231', 'This is the body content for post 231. Lorem ipsum dolor sit amet, consectetur adipiscing elit.', 'sample-post-title-231', 4, 2, '2025-06-05 20:41:15', '2025-06-05 20:41:15', 0),
(235, 'Sample Post Title 232', 'This is the body content for post 232. Lorem ipsum dolor sit amet, consectetur adipiscing elit.', 'sample-post-title-232', 6, 3, '2025-06-05 20:41:15', '2025-06-05 20:41:15', 0),
(236, 'Sample Post Title 233', 'This is the body content for post 233. Lorem ipsum dolor sit amet, consectetur adipiscing elit.', 'sample-post-title-233', 1, 2, '2025-06-05 20:41:15', '2025-06-05 20:41:15', 0),
(237, 'Sample Post Title 234', 'This is the body content for post 234. Lorem ipsum dolor sit amet, consectetur adipiscing elit.', 'sample-post-title-234', 1, 3, '2025-06-05 20:41:15', '2025-06-05 20:41:15', 0),
(238, 'Sample Post Title 235', 'This is the body content for post 235. Lorem ipsum dolor sit amet, consectetur adipiscing elit.', 'sample-post-title-235', 6, 12, '2025-06-05 20:41:15', '2025-06-05 20:41:15', 0),
(239, 'Sample Post Title 236', 'This is the body content for post 236. Lorem ipsum dolor sit amet, consectetur adipiscing elit.', 'sample-post-title-236', 6, 4, '2025-06-05 20:41:15', '2025-06-05 20:41:15', 0),
(240, 'Sample Post Title 237', 'This is the body content for post 237. Lorem ipsum dolor sit amet, consectetur adipiscing elit.', 'sample-post-title-237', 6, 11, '2025-06-05 20:41:15', '2025-06-05 20:41:15', 0),
(241, 'Sample Post Title 238', 'This is the body content for post 238. Lorem ipsum dolor sit amet, consectetur adipiscing elit.', 'sample-post-title-238', 5, 5, '2025-06-05 20:41:15', '2025-06-05 20:41:15', 0),
(242, 'Sample Post Title 239', 'This is the body content for post 239. Lorem ipsum dolor sit amet, consectetur adipiscing elit.', 'sample-post-title-239', 6, 10, '2025-06-05 20:41:15', '2025-06-05 20:41:15', 0);
INSERT INTO `posts` (`id`, `title`, `body`, `slug`, `category_id`, `author_id`, `created_at`, `updated_at`, `status`) VALUES
(243, 'Sample Post Title 240', 'This is the body content for post 240. Lorem ipsum dolor sit amet, consectetur adipiscing elit.', 'sample-post-title-240', 4, 3, '2025-06-05 20:41:15', '2025-06-05 20:41:15', 0),
(244, 'Sample Post Title 241', 'This is the body content for post 241. Lorem ipsum dolor sit amet, consectetur adipiscing elit.', 'sample-post-title-241', 5, 4, '2025-06-05 20:41:15', '2025-06-05 20:41:15', 0),
(245, 'Sample Post Title 242', 'This is the body content for post 242. Lorem ipsum dolor sit amet, consectetur adipiscing elit.', 'sample-post-title-242', 4, 2, '2025-06-05 20:41:15', '2025-06-05 20:41:15', 0),
(246, 'Sample Post Title 243', 'This is the body content for post 243. Lorem ipsum dolor sit amet, consectetur adipiscing elit.', 'sample-post-title-243', 4, 10, '2025-06-05 20:41:15', '2025-06-05 20:41:15', 0),
(247, 'Sample Post Title 244', 'This is the body content for post 244. Lorem ipsum dolor sit amet, consectetur adipiscing elit.', 'sample-post-title-244', 1, 4, '2025-06-05 20:41:15', '2025-06-05 20:41:15', 0),
(248, 'Sample Post Title 245', 'This is the body content for post 245. Lorem ipsum dolor sit amet, consectetur adipiscing elit.', 'sample-post-title-245', 4, 3, '2025-06-05 20:41:15', '2025-06-05 20:41:15', 0),
(249, 'Sample Post Title 246', 'This is the body content for post 246. Lorem ipsum dolor sit amet, consectetur adipiscing elit.', 'sample-post-title-246', 3, 11, '2025-06-05 20:41:15', '2025-06-05 20:41:15', 0),
(250, 'Sample Post Title 247', 'This is the body content for post 247. Lorem ipsum dolor sit amet, consectetur adipiscing elit.', 'sample-post-title-247', 3, 1, '2025-06-05 20:41:15', '2025-06-05 20:41:15', 0),
(251, 'Sample Post Title 248', 'This is the body content for post 248. Lorem ipsum dolor sit amet, consectetur adipiscing elit.', 'sample-post-title-248', 4, 10, '2025-06-05 20:41:15', '2025-06-05 20:41:15', 0),
(252, 'Sample Post Title 249', 'This is the body content for post 249. Lorem ipsum dolor sit amet, consectetur adipiscing elit.', 'sample-post-title-249', 1, 5, '2025-06-05 20:41:15', '2025-06-05 20:41:15', 0),
(253, 'Sample Post Title 250', 'This is the body content for post 250. Lorem ipsum dolor sit amet, consectetur adipiscing elit.', 'sample-post-title-250', 5, 12, '2025-06-05 20:41:15', '2025-06-05 20:41:15', 0),
(254, 'Sample Post Title 251', 'This is the body content for post 251. Lorem ipsum dolor sit amet, consectetur adipiscing elit.', 'sample-post-title-251', 6, 11, '2025-06-05 20:41:15', '2025-06-05 20:41:15', 0),
(255, 'Sample Post Title 252', 'This is the body content for post 252. Lorem ipsum dolor sit amet, consectetur adipiscing elit.', 'sample-post-title-252', 5, 1, '2025-06-05 20:41:15', '2025-06-05 20:41:15', 0),
(256, 'Sample Post Title 253', 'This is the body content for post 253. Lorem ipsum dolor sit amet, consectetur adipiscing elit.', 'sample-post-title-253', 4, 1, '2025-06-05 20:41:15', '2025-06-05 20:41:15', 0),
(257, 'Sample Post Title 254', 'This is the body content for post 254. Lorem ipsum dolor sit amet, consectetur adipiscing elit.', 'sample-post-title-254', 6, 11, '2025-06-05 20:41:15', '2025-06-05 20:41:15', 0),
(258, 'Sample Post Title 255', 'This is the body content for post 255. Lorem ipsum dolor sit amet, consectetur adipiscing elit.', 'sample-post-title-255', 3, 4, '2025-06-05 20:41:15', '2025-06-05 20:41:15', 0),
(259, 'Sample Post Title 256', 'This is the body content for post 256. Lorem ipsum dolor sit amet, consectetur adipiscing elit.', 'sample-post-title-256', 3, 2, '2025-06-05 20:41:15', '2025-06-05 20:41:15', 0),
(260, 'Sample Post Title 257', 'This is the body content for post 257. Lorem ipsum dolor sit amet, consectetur adipiscing elit.', 'sample-post-title-257', 1, 4, '2025-06-05 20:41:15', '2025-06-05 20:41:15', 0),
(261, 'Sample Post Title 258', 'This is the body content for post 258. Lorem ipsum dolor sit amet, consectetur adipiscing elit.', 'sample-post-title-258', 3, 4, '2025-06-05 20:41:15', '2025-06-05 20:41:15', 0),
(262, 'Sample Post Title 259', 'This is the body content for post 259. Lorem ipsum dolor sit amet, consectetur adipiscing elit.', 'sample-post-title-259', 4, 4, '2025-06-05 20:41:15', '2025-06-05 20:41:15', 0),
(263, 'Sample Post Title 260', 'This is the body content for post 260. Lorem ipsum dolor sit amet, consectetur adipiscing elit.', 'sample-post-title-260', 5, 10, '2025-06-05 20:41:15', '2025-06-05 20:41:15', 0),
(264, 'Sample Post Title 261', 'This is the body content for post 261. Lorem ipsum dolor sit amet, consectetur adipiscing elit.', 'sample-post-title-261', 3, 3, '2025-06-05 20:41:15', '2025-06-05 20:41:15', 0),
(265, 'Sample Post Title 262', 'This is the body content for post 262. Lorem ipsum dolor sit amet, consectetur adipiscing elit.', 'sample-post-title-262', 5, 6, '2025-06-05 20:41:15', '2025-06-05 20:41:15', 0),
(266, 'Sample Post Title 263', 'This is the body content for post 263. Lorem ipsum dolor sit amet, consectetur adipiscing elit.', 'sample-post-title-263', 1, 11, '2025-06-05 20:41:15', '2025-06-05 20:41:15', 0),
(267, 'Sample Post Title 264', 'This is the body content for post 264. Lorem ipsum dolor sit amet, consectetur adipiscing elit.', 'sample-post-title-264', 5, 4, '2025-06-05 20:41:15', '2025-06-05 20:41:15', 0),
(268, 'Sample Post Title 265', 'This is the body content for post 265. Lorem ipsum dolor sit amet, consectetur adipiscing elit.', 'sample-post-title-265', 5, 6, '2025-06-05 20:41:15', '2025-06-05 20:41:15', 0),
(269, 'Sample Post Title 266', 'This is the body content for post 266. Lorem ipsum dolor sit amet, consectetur adipiscing elit.', 'sample-post-title-266', 6, 10, '2025-06-05 20:41:15', '2025-06-05 20:41:15', 0),
(270, 'Sample Post Title 267', 'This is the body content for post 267. Lorem ipsum dolor sit amet, consectetur adipiscing elit.', 'sample-post-title-267', 1, 6, '2025-06-05 20:41:15', '2025-06-05 20:41:15', 0),
(271, 'Sample Post Title 268', 'This is the body content for post 268. Lorem ipsum dolor sit amet, consectetur adipiscing elit.', 'sample-post-title-268', 6, 12, '2025-06-05 20:41:15', '2025-06-05 20:41:15', 0),
(272, 'Sample Post Title 269', 'This is the body content for post 269. Lorem ipsum dolor sit amet, consectetur adipiscing elit.', 'sample-post-title-269', 6, 10, '2025-06-05 20:41:15', '2025-06-05 20:41:15', 0),
(273, 'Sample Post Title 270', 'This is the body content for post 270. Lorem ipsum dolor sit amet, consectetur adipiscing elit.', 'sample-post-title-270', 1, 2, '2025-06-05 20:41:15', '2025-06-05 20:41:15', 0),
(274, 'Sample Post Title 271', 'This is the body content for post 271. Lorem ipsum dolor sit amet, consectetur adipiscing elit.', 'sample-post-title-271', 3, 3, '2025-06-05 20:41:15', '2025-06-05 20:41:15', 0),
(275, 'Sample Post Title 272', 'This is the body content for post 272. Lorem ipsum dolor sit amet, consectetur adipiscing elit.', 'sample-post-title-272', 4, 12, '2025-06-05 20:41:15', '2025-06-05 20:41:15', 0),
(276, 'Sample Post Title 273', 'This is the body content for post 273. Lorem ipsum dolor sit amet, consectetur adipiscing elit.', 'sample-post-title-273', 3, 2, '2025-06-05 20:41:15', '2025-06-05 20:41:15', 0),
(277, 'Sample Post Title 274', 'This is the body content for post 274. Lorem ipsum dolor sit amet, consectetur adipiscing elit.', 'sample-post-title-274', 4, 5, '2025-06-05 20:41:15', '2025-06-05 20:41:15', 0),
(278, 'Sample Post Title 275', 'This is the body content for post 275. Lorem ipsum dolor sit amet, consectetur adipiscing elit.', 'sample-post-title-275', 4, 1, '2025-06-05 20:41:15', '2025-06-05 20:41:15', 0),
(279, 'Sample Post Title 276', 'This is the body content for post 276. Lorem ipsum dolor sit amet, consectetur adipiscing elit.', 'sample-post-title-276', 6, 10, '2025-06-05 20:41:15', '2025-06-05 20:41:15', 0),
(280, 'Sample Post Title 277', 'This is the body content for post 277. Lorem ipsum dolor sit amet, consectetur adipiscing elit.', 'sample-post-title-277', 4, 10, '2025-06-05 20:41:15', '2025-06-05 20:41:15', 0),
(281, 'Sample Post Title 278', 'This is the body content for post 278. Lorem ipsum dolor sit amet, consectetur adipiscing elit.', 'sample-post-title-278', 4, 5, '2025-06-05 20:41:15', '2025-06-05 20:41:15', 0),
(282, 'Sample Post Title 279', 'This is the body content for post 279. Lorem ipsum dolor sit amet, consectetur adipiscing elit.', 'sample-post-title-279', 5, 3, '2025-06-05 20:41:15', '2025-06-05 20:41:15', 0),
(283, 'Sample Post Title 280', 'This is the body content for post 280. Lorem ipsum dolor sit amet, consectetur adipiscing elit.', 'sample-post-title-280', 3, 4, '2025-06-05 20:41:15', '2025-06-05 20:41:15', 0),
(284, 'Sample Post Title 281', 'This is the body content for post 281. Lorem ipsum dolor sit amet, consectetur adipiscing elit.', 'sample-post-title-281', 5, 10, '2025-06-05 20:41:15', '2025-06-05 20:41:15', 0),
(285, 'Sample Post Title 282', 'This is the body content for post 282. Lorem ipsum dolor sit amet, consectetur adipiscing elit.', 'sample-post-title-282', 1, 3, '2025-06-05 20:41:15', '2025-06-05 20:41:15', 0),
(286, 'Sample Post Title 283', 'This is the body content for post 283. Lorem ipsum dolor sit amet, consectetur adipiscing elit.', 'sample-post-title-283', 5, 6, '2025-06-05 20:41:15', '2025-06-05 20:41:15', 0),
(287, 'Sample Post Title 284', 'This is the body content for post 284. Lorem ipsum dolor sit amet, consectetur adipiscing elit.', 'sample-post-title-284', 5, 11, '2025-06-05 20:41:15', '2025-06-05 20:41:15', 0),
(288, 'Sample Post Title 285', 'This is the body content for post 285. Lorem ipsum dolor sit amet, consectetur adipiscing elit.', 'sample-post-title-285', 5, 10, '2025-06-05 20:41:15', '2025-06-05 20:41:15', 0),
(289, 'Sample Post Title 286', 'This is the body content for post 286. Lorem ipsum dolor sit amet, consectetur adipiscing elit.', 'sample-post-title-286', 6, 3, '2025-06-05 20:41:15', '2025-06-05 20:41:15', 0),
(290, 'Sample Post Title 287', 'This is the body content for post 287. Lorem ipsum dolor sit amet, consectetur adipiscing elit.', 'sample-post-title-287', 1, 4, '2025-06-05 20:41:15', '2025-06-05 20:41:15', 0),
(291, 'Sample Post Title 288', 'This is the body content for post 288. Lorem ipsum dolor sit amet, consectetur adipiscing elit.', 'sample-post-title-288', 1, 6, '2025-06-05 20:41:15', '2025-06-05 20:41:15', 0),
(292, 'Sample Post Title 289', 'This is the body content for post 289. Lorem ipsum dolor sit amet, consectetur adipiscing elit.', 'sample-post-title-289', 3, 12, '2025-06-05 20:41:15', '2025-06-05 20:41:15', 0),
(293, 'Sample Post Title 290', 'This is the body content for post 290. Lorem ipsum dolor sit amet, consectetur adipiscing elit.', 'sample-post-title-290', 3, 11, '2025-06-05 20:41:15', '2025-06-05 20:41:15', 0),
(294, 'Sample Post Title 291', 'This is the body content for post 291. Lorem ipsum dolor sit amet, consectetur adipiscing elit.', 'sample-post-title-291', 4, 6, '2025-06-05 20:41:15', '2025-06-05 20:41:15', 0),
(295, 'Sample Post Title 292', 'This is the body content for post 292. Lorem ipsum dolor sit amet, consectetur adipiscing elit.', 'sample-post-title-292', 3, 11, '2025-06-05 20:41:15', '2025-06-05 20:41:15', 0),
(296, 'Sample Post Title 293', 'This is the body content for post 293. Lorem ipsum dolor sit amet, consectetur adipiscing elit.', 'sample-post-title-293', 4, 6, '2025-06-05 20:41:15', '2025-06-05 20:41:15', 0),
(297, 'Sample Post Title 294', 'This is the body content for post 294. Lorem ipsum dolor sit amet, consectetur adipiscing elit.', 'sample-post-title-294', 1, 4, '2025-06-05 20:41:15', '2025-06-05 20:41:15', 0),
(298, 'Sample Post Title 295', 'This is the body content for post 295. Lorem ipsum dolor sit amet, consectetur adipiscing elit.', 'sample-post-title-295', 4, 2, '2025-06-05 20:41:15', '2025-06-05 20:41:15', 0),
(299, 'Sample Post Title 296', 'This is the body content for post 296. Lorem ipsum dolor sit amet, consectetur adipiscing elit.', 'sample-post-title-296', 5, 2, '2025-06-05 20:41:15', '2025-06-05 20:41:15', 0),
(300, 'Sample Post Title 297', 'This is the body content for post 297. Lorem ipsum dolor sit amet, consectetur adipiscing elit.', 'sample-post-title-297', 6, 2, '2025-06-05 20:41:15', '2025-06-05 20:41:15', 0),
(301, 'Sample Post Title 298', 'This is the body content for post 298. Lorem ipsum dolor sit amet, consectetur adipiscing elit.', 'sample-post-title-298', 4, 1, '2025-06-05 20:41:15', '2025-06-05 20:41:15', 0),
(302, 'Sample Post Title 299', 'This is the body content for post 299. Lorem ipsum dolor sit amet, consectetur adipiscing elit.', 'sample-post-title-299', 3, 6, '2025-06-05 20:41:15', '2025-06-05 20:41:15', 0),
(303, 'Sample Post Title 300', 'This is the body content for post 300. Lorem ipsum dolor sit amet, consectetur adipiscing elit.', 'sample-post-title-300', 5, 2, '2025-06-05 20:41:15', '2025-06-05 20:41:15', 0),
(304, 'Sample Post Title 301', 'This is the body content for post 301. Lorem ipsum dolor sit amet, consectetur adipiscing elit.', 'sample-post-title-301', 4, 2, '2025-06-05 20:41:15', '2025-06-05 20:41:15', 0),
(305, 'Sample Post Title 302', 'This is the body content for post 302. Lorem ipsum dolor sit amet, consectetur adipiscing elit.', 'sample-post-title-302', 5, 12, '2025-06-05 20:41:15', '2025-06-05 20:41:15', 0),
(306, 'Sample Post Title 303', 'This is the body content for post 303. Lorem ipsum dolor sit amet, consectetur adipiscing elit.', 'sample-post-title-303', 3, 5, '2025-06-05 20:41:15', '2025-06-05 20:41:15', 0),
(307, 'Sample Post Title 304', 'This is the body content for post 304. Lorem ipsum dolor sit amet, consectetur adipiscing elit.', 'sample-post-title-304', 1, 6, '2025-06-05 20:41:15', '2025-06-05 20:41:15', 0),
(308, 'Sample Post Title 305', 'This is the body content for post 305. Lorem ipsum dolor sit amet, consectetur adipiscing elit.', 'sample-post-title-305', 1, 11, '2025-06-05 20:41:15', '2025-06-05 20:41:15', 0),
(309, 'Sample Post Title 306', 'This is the body content for post 306. Lorem ipsum dolor sit amet, consectetur adipiscing elit.', 'sample-post-title-306', 4, 3, '2025-06-05 20:41:15', '2025-06-05 20:41:15', 0),
(310, 'Sample Post Title 307', 'This is the body content for post 307. Lorem ipsum dolor sit amet, consectetur adipiscing elit.', 'sample-post-title-307', 1, 11, '2025-06-05 20:41:15', '2025-06-05 20:41:15', 0),
(311, 'Sample Post Title 308', 'This is the body content for post 308. Lorem ipsum dolor sit amet, consectetur adipiscing elit.', 'sample-post-title-308', 3, 10, '2025-06-05 20:41:15', '2025-06-05 20:41:15', 0),
(312, 'Sample Post Title 309', 'This is the body content for post 309. Lorem ipsum dolor sit amet, consectetur adipiscing elit.', 'sample-post-title-309', 4, 6, '2025-06-05 20:41:15', '2025-06-05 20:41:15', 0),
(313, 'Sample Post Title 310', 'This is the body content for post 310. Lorem ipsum dolor sit amet, consectetur adipiscing elit.', 'sample-post-title-310', 1, 3, '2025-06-05 20:41:15', '2025-06-05 20:41:15', 0),
(314, 'Sample Post Title 311', 'This is the body content for post 311. Lorem ipsum dolor sit amet, consectetur adipiscing elit.', 'sample-post-title-311', 5, 2, '2025-06-05 20:41:15', '2025-06-05 20:41:15', 0),
(315, 'Sample Post Title 312', 'This is the body content for post 312. Lorem ipsum dolor sit amet, consectetur adipiscing elit.', 'sample-post-title-312', 5, 2, '2025-06-05 20:41:15', '2025-06-05 20:41:15', 0),
(316, 'Sample Post Title 313', 'This is the body content for post 313. Lorem ipsum dolor sit amet, consectetur adipiscing elit.', 'sample-post-title-313', 4, 11, '2025-06-05 20:41:15', '2025-06-05 20:41:15', 0),
(317, 'Sample Post Title 314', 'This is the body content for post 314. Lorem ipsum dolor sit amet, consectetur adipiscing elit.', 'sample-post-title-314', 6, 4, '2025-06-05 20:41:15', '2025-06-05 20:41:15', 0),
(318, 'Sample Post Title 315', 'This is the body content for post 315. Lorem ipsum dolor sit amet, consectetur adipiscing elit.', 'sample-post-title-315', 5, 3, '2025-06-05 20:41:15', '2025-06-05 20:41:15', 0),
(319, 'Sample Post Title 316', 'This is the body content for post 316. Lorem ipsum dolor sit amet, consectetur adipiscing elit.', 'sample-post-title-316', 6, 4, '2025-06-05 20:41:15', '2025-06-05 20:41:15', 0),
(320, 'Sample Post Title 317', 'This is the body content for post 317. Lorem ipsum dolor sit amet, consectetur adipiscing elit.', 'sample-post-title-317', 3, 5, '2025-06-05 20:41:15', '2025-06-05 20:41:15', 0),
(321, 'Sample Post Title 318', 'This is the body content for post 318. Lorem ipsum dolor sit amet, consectetur adipiscing elit.', 'sample-post-title-318', 3, 10, '2025-06-05 20:41:15', '2025-06-05 20:41:15', 0),
(322, 'Sample Post Title 319', 'This is the body content for post 319. Lorem ipsum dolor sit amet, consectetur adipiscing elit.', 'sample-post-title-319', 3, 3, '2025-06-05 20:41:15', '2025-06-05 20:41:15', 0),
(323, 'Sample Post Title 320', 'This is the body content for post 320. Lorem ipsum dolor sit amet, consectetur adipiscing elit.', 'sample-post-title-320', 6, 10, '2025-06-05 20:41:15', '2025-06-05 20:41:15', 0),
(324, 'Sample Post Title 321', 'This is the body content for post 321. Lorem ipsum dolor sit amet, consectetur adipiscing elit.', 'sample-post-title-321', 4, 4, '2025-06-05 20:41:15', '2025-06-05 20:41:15', 0),
(325, 'Sample Post Title 322', 'This is the body content for post 322. Lorem ipsum dolor sit amet, consectetur adipiscing elit.', 'sample-post-title-322', 1, 6, '2025-06-05 20:41:15', '2025-06-05 20:41:15', 0),
(326, 'Sample Post Title 323', 'This is the body content for post 323. Lorem ipsum dolor sit amet, consectetur adipiscing elit.', 'sample-post-title-323', 5, 12, '2025-06-05 20:41:15', '2025-06-05 20:41:15', 0),
(327, 'Sample Post Title 324', 'This is the body content for post 324. Lorem ipsum dolor sit amet, consectetur adipiscing elit.', 'sample-post-title-324', 4, 11, '2025-06-05 20:41:15', '2025-06-05 20:41:15', 0),
(328, 'Sample Post Title 325', 'This is the body content for post 325. Lorem ipsum dolor sit amet, consectetur adipiscing elit.', 'sample-post-title-325', 4, 4, '2025-06-05 20:41:15', '2025-06-05 20:41:15', 0),
(329, 'Sample Post Title 326', 'This is the body content for post 326. Lorem ipsum dolor sit amet, consectetur adipiscing elit.', 'sample-post-title-326', 3, 5, '2025-06-05 20:41:15', '2025-06-05 20:41:15', 0),
(330, 'Sample Post Title 327', 'This is the body content for post 327. Lorem ipsum dolor sit amet, consectetur adipiscing elit.', 'sample-post-title-327', 3, 4, '2025-06-05 20:41:15', '2025-06-05 20:41:15', 0),
(331, 'Sample Post Title 328', 'This is the body content for post 328. Lorem ipsum dolor sit amet, consectetur adipiscing elit.', 'sample-post-title-328', 5, 12, '2025-06-05 20:41:15', '2025-06-05 20:41:15', 0),
(332, 'Sample Post Title 329', 'This is the body content for post 329. Lorem ipsum dolor sit amet, consectetur adipiscing elit.', 'sample-post-title-329', 5, 10, '2025-06-05 20:41:15', '2025-06-05 20:41:15', 0),
(333, 'Sample Post Title 330', 'This is the body content for post 330. Lorem ipsum dolor sit amet, consectetur adipiscing elit.', 'sample-post-title-330', 5, 2, '2025-06-05 20:41:15', '2025-06-05 20:41:15', 0),
(334, 'Sample Post Title 331', 'This is the body content for post 331. Lorem ipsum dolor sit amet, consectetur adipiscing elit.', 'sample-post-title-331', 1, 12, '2025-06-05 20:41:15', '2025-06-05 20:41:15', 0),
(335, 'Sample Post Title 332', 'This is the body content for post 332. Lorem ipsum dolor sit amet, consectetur adipiscing elit.', 'sample-post-title-332', 5, 11, '2025-06-05 20:41:15', '2025-06-05 20:41:15', 0),
(336, 'Sample Post Title 333', 'This is the body content for post 333. Lorem ipsum dolor sit amet, consectetur adipiscing elit.', 'sample-post-title-333', 5, 11, '2025-06-05 20:41:15', '2025-06-05 20:41:15', 0),
(337, 'Sample Post Title 334', 'This is the body content for post 334. Lorem ipsum dolor sit amet, consectetur adipiscing elit.', 'sample-post-title-334', 1, 2, '2025-06-05 20:41:15', '2025-06-05 20:41:15', 0),
(338, 'Sample Post Title 335', 'This is the body content for post 335. Lorem ipsum dolor sit amet, consectetur adipiscing elit.', 'sample-post-title-335', 4, 5, '2025-06-05 20:41:15', '2025-06-05 20:41:15', 0),
(339, 'Sample Post Title 336', 'This is the body content for post 336. Lorem ipsum dolor sit amet, consectetur adipiscing elit.', 'sample-post-title-336', 3, 12, '2025-06-05 20:41:15', '2025-06-05 20:41:15', 0),
(340, 'Sample Post Title 337', 'This is the body content for post 337. Lorem ipsum dolor sit amet, consectetur adipiscing elit.', 'sample-post-title-337', 5, 1, '2025-06-05 20:41:15', '2025-06-05 20:41:15', 0),
(341, 'Sample Post Title 338', 'This is the body content for post 338. Lorem ipsum dolor sit amet, consectetur adipiscing elit.', 'sample-post-title-338', 4, 3, '2025-06-05 20:41:15', '2025-06-05 20:41:15', 0),
(342, 'Sample Post Title 339', 'This is the body content for post 339. Lorem ipsum dolor sit amet, consectetur adipiscing elit.', 'sample-post-title-339', 4, 11, '2025-06-05 20:41:15', '2025-06-05 20:41:15', 0),
(343, 'Sample Post Title 340', 'This is the body content for post 340. Lorem ipsum dolor sit amet, consectetur adipiscing elit.', 'sample-post-title-340', 3, 3, '2025-06-05 20:41:15', '2025-06-05 20:41:15', 0),
(344, 'Sample Post Title 341', 'This is the body content for post 341. Lorem ipsum dolor sit amet, consectetur adipiscing elit.', 'sample-post-title-341', 4, 5, '2025-06-05 20:41:15', '2025-06-05 20:41:15', 0),
(345, 'Sample Post Title 342', 'This is the body content for post 342. Lorem ipsum dolor sit amet, consectetur adipiscing elit.', 'sample-post-title-342', 3, 2, '2025-06-05 20:41:15', '2025-06-05 20:41:15', 0),
(346, 'Sample Post Title 343', 'This is the body content for post 343. Lorem ipsum dolor sit amet, consectetur adipiscing elit.', 'sample-post-title-343', 1, 4, '2025-06-05 20:41:15', '2025-06-05 20:41:15', 0),
(347, 'Sample Post Title 344', 'This is the body content for post 344. Lorem ipsum dolor sit amet, consectetur adipiscing elit.', 'sample-post-title-344', 5, 5, '2025-06-05 20:41:15', '2025-06-05 20:41:15', 0),
(348, 'Sample Post Title 345', 'This is the body content for post 345. Lorem ipsum dolor sit amet, consectetur adipiscing elit.', 'sample-post-title-345', 4, 6, '2025-06-05 20:41:15', '2025-06-05 20:41:15', 0),
(349, 'Sample Post Title 346', 'This is the body content for post 346. Lorem ipsum dolor sit amet, consectetur adipiscing elit.', 'sample-post-title-346', 5, 5, '2025-06-05 20:41:15', '2025-06-05 20:41:15', 0),
(350, 'Sample Post Title 347', 'This is the body content for post 347. Lorem ipsum dolor sit amet, consectetur adipiscing elit.', 'sample-post-title-347', 4, 5, '2025-06-05 20:41:15', '2025-06-05 20:41:15', 0),
(351, 'Sample Post Title 348', 'This is the body content for post 348. Lorem ipsum dolor sit amet, consectetur adipiscing elit.', 'sample-post-title-348', 4, 12, '2025-06-05 20:41:15', '2025-06-05 20:41:15', 0),
(352, 'Sample Post Title 349', 'This is the body content for post 349. Lorem ipsum dolor sit amet, consectetur adipiscing elit.', 'sample-post-title-349', 5, 5, '2025-06-05 20:41:15', '2025-06-05 20:41:15', 0),
(353, 'Sample Post Title 350', 'This is the body content for post 350. Lorem ipsum dolor sit amet, consectetur adipiscing elit.', 'sample-post-title-350', 3, 6, '2025-06-05 20:41:15', '2025-06-05 20:41:15', 0),
(354, 'Sample Post Title 351', 'This is the body content for post 351. Lorem ipsum dolor sit amet, consectetur adipiscing elit.', 'sample-post-title-351', 3, 10, '2025-06-05 20:41:15', '2025-06-05 20:41:15', 0),
(355, 'Sample Post Title 352', 'This is the body content for post 352. Lorem ipsum dolor sit amet, consectetur adipiscing elit.', 'sample-post-title-352', 5, 12, '2025-06-05 20:41:15', '2025-06-05 20:41:15', 0),
(356, 'Sample Post Title 353', 'This is the body content for post 353. Lorem ipsum dolor sit amet, consectetur adipiscing elit.', 'sample-post-title-353', 4, 12, '2025-06-05 20:41:15', '2025-06-05 20:41:15', 0),
(357, 'Sample Post Title 354', 'This is the body content for post 354. Lorem ipsum dolor sit amet, consectetur adipiscing elit.', 'sample-post-title-354', 4, 11, '2025-06-05 20:41:15', '2025-06-05 20:41:15', 0),
(358, 'Sample Post Title 355', 'This is the body content for post 355. Lorem ipsum dolor sit amet, consectetur adipiscing elit.', 'sample-post-title-355', 3, 2, '2025-06-05 20:41:15', '2025-06-05 20:41:15', 0),
(359, 'Sample Post Title 356', 'This is the body content for post 356. Lorem ipsum dolor sit amet, consectetur adipiscing elit.', 'sample-post-title-356', 6, 2, '2025-06-05 20:41:15', '2025-06-05 20:41:15', 0),
(360, 'Sample Post Title 357', 'This is the body content for post 357. Lorem ipsum dolor sit amet, consectetur adipiscing elit.', 'sample-post-title-357', 3, 5, '2025-06-05 20:41:15', '2025-06-05 20:41:15', 0),
(361, 'Sample Post Title 358', 'This is the body content for post 358. Lorem ipsum dolor sit amet, consectetur adipiscing elit.', 'sample-post-title-358', 4, 3, '2025-06-05 20:41:15', '2025-06-05 20:41:15', 0),
(362, 'Sample Post Title 359', 'This is the body content for post 359. Lorem ipsum dolor sit amet, consectetur adipiscing elit.', 'sample-post-title-359', 5, 1, '2025-06-05 20:41:15', '2025-06-05 20:41:15', 0),
(363, 'Sample Post Title 360', 'This is the body content for post 360. Lorem ipsum dolor sit amet, consectetur adipiscing elit.', 'sample-post-title-360', 3, 11, '2025-06-05 20:41:15', '2025-06-05 20:41:15', 0),
(364, 'Sample Post Title 361', 'This is the body content for post 361. Lorem ipsum dolor sit amet, consectetur adipiscing elit.', 'sample-post-title-361', 6, 6, '2025-06-05 20:41:15', '2025-06-05 20:41:15', 0),
(365, 'Sample Post Title 362', 'This is the body content for post 362. Lorem ipsum dolor sit amet, consectetur adipiscing elit.', 'sample-post-title-362', 4, 10, '2025-06-05 20:41:15', '2025-06-05 20:41:15', 0),
(366, 'Sample Post Title 363', 'This is the body content for post 363. Lorem ipsum dolor sit amet, consectetur adipiscing elit.', 'sample-post-title-363', 3, 10, '2025-06-05 20:41:15', '2025-06-05 20:41:15', 0),
(367, 'Sample Post Title 364', 'This is the body content for post 364. Lorem ipsum dolor sit amet, consectetur adipiscing elit.', 'sample-post-title-364', 5, 3, '2025-06-05 20:41:15', '2025-06-05 20:41:15', 0),
(368, 'Sample Post Title 365', 'This is the body content for post 365. Lorem ipsum dolor sit amet, consectetur adipiscing elit.', 'sample-post-title-365', 5, 11, '2025-06-05 20:41:15', '2025-06-05 20:41:15', 0),
(369, 'Sample Post Title 366', 'This is the body content for post 366. Lorem ipsum dolor sit amet, consectetur adipiscing elit.', 'sample-post-title-366', 1, 12, '2025-06-05 20:41:15', '2025-06-05 20:41:15', 0),
(370, 'Sample Post Title 367', 'This is the body content for post 367. Lorem ipsum dolor sit amet, consectetur adipiscing elit.', 'sample-post-title-367', 3, 5, '2025-06-05 20:41:15', '2025-06-05 20:41:15', 0),
(371, 'Sample Post Title 368', 'This is the body content for post 368. Lorem ipsum dolor sit amet, consectetur adipiscing elit.', 'sample-post-title-368', 6, 11, '2025-06-05 20:41:15', '2025-06-05 20:41:15', 0),
(372, 'Sample Post Title 369', 'This is the body content for post 369. Lorem ipsum dolor sit amet, consectetur adipiscing elit.', 'sample-post-title-369', 6, 1, '2025-06-05 20:41:15', '2025-06-05 20:41:15', 0),
(373, 'Sample Post Title 370', 'This is the body content for post 370. Lorem ipsum dolor sit amet, consectetur adipiscing elit.', 'sample-post-title-370', 3, 12, '2025-06-05 20:41:15', '2025-06-05 20:41:15', 0),
(374, 'Sample Post Title 371', 'This is the body content for post 371. Lorem ipsum dolor sit amet, consectetur adipiscing elit.', 'sample-post-title-371', 3, 11, '2025-06-05 20:41:15', '2025-06-05 20:41:15', 0),
(375, 'Sample Post Title 372', 'This is the body content for post 372. Lorem ipsum dolor sit amet, consectetur adipiscing elit.', 'sample-post-title-372', 5, 4, '2025-06-05 20:41:15', '2025-06-05 20:41:15', 0),
(376, 'Sample Post Title 373', 'This is the body content for post 373. Lorem ipsum dolor sit amet, consectetur adipiscing elit.', 'sample-post-title-373', 3, 11, '2025-06-05 20:41:15', '2025-06-05 20:41:15', 0),
(377, 'Sample Post Title 374', 'This is the body content for post 374. Lorem ipsum dolor sit amet, consectetur adipiscing elit.', 'sample-post-title-374', 6, 6, '2025-06-05 20:41:15', '2025-06-05 20:41:15', 0),
(378, 'Sample Post Title 375', 'This is the body content for post 375. Lorem ipsum dolor sit amet, consectetur adipiscing elit.', 'sample-post-title-375', 4, 10, '2025-06-05 20:41:15', '2025-06-05 20:41:15', 0),
(379, 'Sample Post Title 376', 'This is the body content for post 376. Lorem ipsum dolor sit amet, consectetur adipiscing elit.', 'sample-post-title-376', 1, 12, '2025-06-05 20:41:15', '2025-06-05 20:41:15', 0),
(380, 'Sample Post Title 377', 'This is the body content for post 377. Lorem ipsum dolor sit amet, consectetur adipiscing elit.', 'sample-post-title-377', 1, 5, '2025-06-05 20:41:15', '2025-06-05 20:41:15', 0),
(381, 'Sample Post Title 378', 'This is the body content for post 378. Lorem ipsum dolor sit amet, consectetur adipiscing elit.', 'sample-post-title-378', 1, 12, '2025-06-05 20:41:15', '2025-06-05 20:41:15', 0),
(382, 'Sample Post Title 379', 'This is the body content for post 379. Lorem ipsum dolor sit amet, consectetur adipiscing elit.', 'sample-post-title-379', 5, 12, '2025-06-05 20:41:15', '2025-06-05 20:41:15', 0),
(383, 'Sample Post Title 380', 'This is the body content for post 380. Lorem ipsum dolor sit amet, consectetur adipiscing elit.', 'sample-post-title-380', 6, 10, '2025-06-05 20:41:15', '2025-06-05 20:41:15', 0),
(384, 'Sample Post Title 381', 'This is the body content for post 381. Lorem ipsum dolor sit amet, consectetur adipiscing elit.', 'sample-post-title-381', 6, 1, '2025-06-05 20:41:15', '2025-06-05 20:41:15', 0),
(385, 'Sample Post Title 382', 'This is the body content for post 382. Lorem ipsum dolor sit amet, consectetur adipiscing elit.', 'sample-post-title-382', 3, 5, '2025-06-05 20:41:15', '2025-06-05 20:41:15', 0),
(386, 'Sample Post Title 383', 'This is the body content for post 383. Lorem ipsum dolor sit amet, consectetur adipiscing elit.', 'sample-post-title-383', 3, 1, '2025-06-05 20:41:15', '2025-06-05 20:41:15', 0),
(387, 'Sample Post Title 384', 'This is the body content for post 384. Lorem ipsum dolor sit amet, consectetur adipiscing elit.', 'sample-post-title-384', 5, 1, '2025-06-05 20:41:15', '2025-06-05 20:41:15', 0),
(388, 'Sample Post Title 385', 'This is the body content for post 385. Lorem ipsum dolor sit amet, consectetur adipiscing elit.', 'sample-post-title-385', 1, 11, '2025-06-05 20:41:15', '2025-06-05 20:41:15', 0),
(389, 'Sample Post Title 386', 'This is the body content for post 386. Lorem ipsum dolor sit amet, consectetur adipiscing elit.', 'sample-post-title-386', 6, 5, '2025-06-05 20:41:15', '2025-06-05 20:41:15', 0),
(390, 'Sample Post Title 387', 'This is the body content for post 387. Lorem ipsum dolor sit amet, consectetur adipiscing elit.', 'sample-post-title-387', 6, 10, '2025-06-05 20:41:15', '2025-06-05 20:41:15', 0),
(391, 'Sample Post Title 388', 'This is the body content for post 388. Lorem ipsum dolor sit amet, consectetur adipiscing elit.', 'sample-post-title-388', 3, 5, '2025-06-05 20:41:16', '2025-06-05 20:41:16', 0),
(392, 'Sample Post Title 389', 'This is the body content for post 389. Lorem ipsum dolor sit amet, consectetur adipiscing elit.', 'sample-post-title-389', 4, 4, '2025-06-05 20:41:16', '2025-06-05 20:41:16', 0),
(393, 'Sample Post Title 390', 'This is the body content for post 390. Lorem ipsum dolor sit amet, consectetur adipiscing elit.', 'sample-post-title-390', 1, 2, '2025-06-05 20:41:16', '2025-06-05 20:41:16', 0),
(394, 'Sample Post Title 391', 'This is the body content for post 391. Lorem ipsum dolor sit amet, consectetur adipiscing elit.', 'sample-post-title-391', 5, 11, '2025-06-05 20:41:16', '2025-06-05 20:41:16', 0),
(395, 'Sample Post Title 392', 'This is the body content for post 392. Lorem ipsum dolor sit amet, consectetur adipiscing elit.', 'sample-post-title-392', 6, 5, '2025-06-05 20:41:16', '2025-06-05 20:41:16', 0),
(396, 'Sample Post Title 393', 'This is the body content for post 393. Lorem ipsum dolor sit amet, consectetur adipiscing elit.', 'sample-post-title-393', 4, 10, '2025-06-05 20:41:16', '2025-06-05 20:41:16', 0),
(397, 'Sample Post Title 394', 'This is the body content for post 394. Lorem ipsum dolor sit amet, consectetur adipiscing elit.', 'sample-post-title-394', 5, 5, '2025-06-05 20:41:16', '2025-06-05 20:41:16', 0),
(398, 'Sample Post Title 395', 'This is the body content for post 395. Lorem ipsum dolor sit amet, consectetur adipiscing elit.', 'sample-post-title-395', 1, 11, '2025-06-05 20:41:16', '2025-06-05 20:41:16', 0),
(399, 'Sample Post Title 396', 'This is the body content for post 396. Lorem ipsum dolor sit amet, consectetur adipiscing elit.', 'sample-post-title-396', 3, 1, '2025-06-05 20:41:16', '2025-06-05 20:41:16', 0),
(400, 'Sample Post Title 397', 'This is the body content for post 397. Lorem ipsum dolor sit amet, consectetur adipiscing elit.', 'sample-post-title-397', 4, 1, '2025-06-05 20:41:16', '2025-06-05 20:41:16', 0),
(401, 'Sample Post Title 398', 'This is the body content for post 398. Lorem ipsum dolor sit amet, consectetur adipiscing elit.', 'sample-post-title-398', 6, 4, '2025-06-05 20:41:16', '2025-06-05 20:41:16', 0),
(402, 'Sample Post Title 399', 'This is the body content for post 399. Lorem ipsum dolor sit amet, consectetur adipiscing elit.', 'sample-post-title-399', 4, 4, '2025-06-05 20:41:16', '2025-06-05 20:41:16', 0),
(403, 'Sample Post Title 400', 'This is the body content for post 400. Lorem ipsum dolor sit amet, consectetur adipiscing elit.', 'sample-post-title-400', 1, 10, '2025-06-05 20:41:16', '2025-06-05 20:41:16', 0),
(404, 'Sample Post Title 401', 'This is the body content for post 401. Lorem ipsum dolor sit amet, consectetur adipiscing elit.', 'sample-post-title-401', 5, 12, '2025-06-05 20:41:16', '2025-06-05 20:41:16', 0),
(405, 'Sample Post Title 402', 'This is the body content for post 402. Lorem ipsum dolor sit amet, consectetur adipiscing elit.', 'sample-post-title-402', 6, 1, '2025-06-05 20:41:16', '2025-06-05 20:41:16', 0),
(406, 'Sample Post Title 403', 'This is the body content for post 403. Lorem ipsum dolor sit amet, consectetur adipiscing elit.', 'sample-post-title-403', 1, 1, '2025-06-05 20:41:16', '2025-06-05 20:41:16', 0),
(407, 'Sample Post Title 404', 'This is the body content for post 404. Lorem ipsum dolor sit amet, consectetur adipiscing elit.', 'sample-post-title-404', 5, 4, '2025-06-05 20:41:16', '2025-06-05 20:41:16', 0),
(408, 'Sample Post Title 405', 'This is the body content for post 405. Lorem ipsum dolor sit amet, consectetur adipiscing elit.', 'sample-post-title-405', 1, 11, '2025-06-05 20:41:16', '2025-06-05 20:41:16', 0),
(409, 'Sample Post Title 406', 'This is the body content for post 406. Lorem ipsum dolor sit amet, consectetur adipiscing elit.', 'sample-post-title-406', 6, 1, '2025-06-05 20:41:16', '2025-06-05 20:41:16', 0),
(410, 'Sample Post Title 407', 'This is the body content for post 407. Lorem ipsum dolor sit amet, consectetur adipiscing elit.', 'sample-post-title-407', 4, 2, '2025-06-05 20:41:16', '2025-06-05 20:41:16', 0),
(411, 'Sample Post Title 408', 'This is the body content for post 408. Lorem ipsum dolor sit amet, consectetur adipiscing elit.', 'sample-post-title-408', 5, 12, '2025-06-05 20:41:16', '2025-06-05 20:41:16', 0),
(412, 'Sample Post Title 409', 'This is the body content for post 409. Lorem ipsum dolor sit amet, consectetur adipiscing elit.', 'sample-post-title-409', 6, 6, '2025-06-05 20:41:16', '2025-06-05 20:41:16', 0),
(413, 'Sample Post Title 410', 'This is the body content for post 410. Lorem ipsum dolor sit amet, consectetur adipiscing elit.', 'sample-post-title-410', 1, 1, '2025-06-05 20:41:16', '2025-06-05 20:41:16', 0),
(414, 'Sample Post Title 411', 'This is the body content for post 411. Lorem ipsum dolor sit amet, consectetur adipiscing elit.', 'sample-post-title-411', 1, 2, '2025-06-05 20:41:16', '2025-06-05 20:41:16', 0),
(415, 'Sample Post Title 412', 'This is the body content for post 412. Lorem ipsum dolor sit amet, consectetur adipiscing elit.', 'sample-post-title-412', 1, 5, '2025-06-05 20:41:16', '2025-06-05 20:41:16', 0),
(416, 'Sample Post Title 413', 'This is the body content for post 413. Lorem ipsum dolor sit amet, consectetur adipiscing elit.', 'sample-post-title-413', 1, 5, '2025-06-05 20:41:16', '2025-06-05 20:41:16', 0),
(417, 'Sample Post Title 414', 'This is the body content for post 414. Lorem ipsum dolor sit amet, consectetur adipiscing elit.', 'sample-post-title-414', 4, 11, '2025-06-05 20:41:16', '2025-06-05 20:41:16', 0),
(418, 'Sample Post Title 415', 'This is the body content for post 415. Lorem ipsum dolor sit amet, consectetur adipiscing elit.', 'sample-post-title-415', 5, 10, '2025-06-05 20:41:16', '2025-06-05 20:41:16', 0),
(419, 'Sample Post Title 416', 'This is the body content for post 416. Lorem ipsum dolor sit amet, consectetur adipiscing elit.', 'sample-post-title-416', 5, 4, '2025-06-05 20:41:16', '2025-06-05 20:41:16', 0),
(420, 'Sample Post Title 417', 'This is the body content for post 417. Lorem ipsum dolor sit amet, consectetur adipiscing elit.', 'sample-post-title-417', 5, 3, '2025-06-05 20:41:16', '2025-06-05 20:41:16', 0),
(421, 'Sample Post Title 418', 'This is the body content for post 418. Lorem ipsum dolor sit amet, consectetur adipiscing elit.', 'sample-post-title-418', 3, 1, '2025-06-05 20:41:16', '2025-06-05 20:41:16', 0),
(422, 'Sample Post Title 419', 'This is the body content for post 419. Lorem ipsum dolor sit amet, consectetur adipiscing elit.', 'sample-post-title-419', 1, 5, '2025-06-05 20:41:16', '2025-06-05 20:41:16', 0),
(423, 'Sample Post Title 420', 'This is the body content for post 420. Lorem ipsum dolor sit amet, consectetur adipiscing elit.', 'sample-post-title-420', 1, 1, '2025-06-05 20:41:16', '2025-06-05 20:41:16', 0),
(424, 'Sample Post Title 421', 'This is the body content for post 421. Lorem ipsum dolor sit amet, consectetur adipiscing elit.', 'sample-post-title-421', 3, 12, '2025-06-05 20:41:16', '2025-06-05 20:41:16', 0),
(425, 'Sample Post Title 422', 'This is the body content for post 422. Lorem ipsum dolor sit amet, consectetur adipiscing elit.', 'sample-post-title-422', 4, 3, '2025-06-05 20:41:16', '2025-06-05 20:41:16', 0),
(426, 'Sample Post Title 423', 'This is the body content for post 423. Lorem ipsum dolor sit amet, consectetur adipiscing elit.', 'sample-post-title-423', 6, 5, '2025-06-05 20:41:16', '2025-06-05 20:41:16', 0),
(427, 'Sample Post Title 424', 'This is the body content for post 424. Lorem ipsum dolor sit amet, consectetur adipiscing elit.', 'sample-post-title-424', 6, 12, '2025-06-05 20:41:16', '2025-06-05 20:41:16', 0),
(428, 'Sample Post Title 425', 'This is the body content for post 425. Lorem ipsum dolor sit amet, consectetur adipiscing elit.', 'sample-post-title-425', 6, 12, '2025-06-05 20:41:16', '2025-06-05 20:41:16', 0),
(429, 'Sample Post Title 426', 'This is the body content for post 426. Lorem ipsum dolor sit amet, consectetur adipiscing elit.', 'sample-post-title-426', 1, 10, '2025-06-05 20:41:16', '2025-06-05 20:41:16', 0),
(430, 'Sample Post Title 427', 'This is the body content for post 427. Lorem ipsum dolor sit amet, consectetur adipiscing elit.', 'sample-post-title-427', 3, 10, '2025-06-05 20:41:16', '2025-06-05 20:41:16', 0),
(431, 'Sample Post Title 428', 'This is the body content for post 428. Lorem ipsum dolor sit amet, consectetur adipiscing elit.', 'sample-post-title-428', 6, 6, '2025-06-05 20:41:16', '2025-06-05 20:41:16', 0),
(432, 'Sample Post Title 429', 'This is the body content for post 429. Lorem ipsum dolor sit amet, consectetur adipiscing elit.', 'sample-post-title-429', 4, 2, '2025-06-05 20:41:16', '2025-06-05 20:41:16', 0),
(433, 'Sample Post Title 430', 'This is the body content for post 430. Lorem ipsum dolor sit amet, consectetur adipiscing elit.', 'sample-post-title-430', 1, 6, '2025-06-05 20:41:16', '2025-06-05 20:41:16', 0),
(434, 'Sample Post Title 431', 'This is the body content for post 431. Lorem ipsum dolor sit amet, consectetur adipiscing elit.', 'sample-post-title-431', 1, 12, '2025-06-05 20:41:16', '2025-06-05 20:41:16', 0),
(435, 'Sample Post Title 432', 'This is the body content for post 432. Lorem ipsum dolor sit amet, consectetur adipiscing elit.', 'sample-post-title-432', 6, 4, '2025-06-05 20:41:16', '2025-06-05 20:41:16', 0),
(436, 'Sample Post Title 433', 'This is the body content for post 433. Lorem ipsum dolor sit amet, consectetur adipiscing elit.', 'sample-post-title-433', 4, 3, '2025-06-05 20:41:16', '2025-06-05 20:41:16', 0),
(437, 'Sample Post Title 434', 'This is the body content for post 434. Lorem ipsum dolor sit amet, consectetur adipiscing elit.', 'sample-post-title-434', 3, 11, '2025-06-05 20:41:16', '2025-06-05 20:41:16', 0),
(438, 'Sample Post Title 435', 'This is the body content for post 435. Lorem ipsum dolor sit amet, consectetur adipiscing elit.', 'sample-post-title-435', 4, 5, '2025-06-05 20:41:16', '2025-06-05 20:41:16', 0),
(439, 'Sample Post Title 436', 'This is the body content for post 436. Lorem ipsum dolor sit amet, consectetur adipiscing elit.', 'sample-post-title-436', 1, 10, '2025-06-05 20:41:16', '2025-06-05 20:41:16', 0),
(440, 'Sample Post Title 437', 'This is the body content for post 437. Lorem ipsum dolor sit amet, consectetur adipiscing elit.', 'sample-post-title-437', 4, 6, '2025-06-05 20:41:16', '2025-06-05 20:41:16', 0),
(441, 'Sample Post Title 438', 'This is the body content for post 438. Lorem ipsum dolor sit amet, consectetur adipiscing elit.', 'sample-post-title-438', 3, 1, '2025-06-05 20:41:16', '2025-06-05 20:41:16', 0),
(442, 'Sample Post Title 439', 'This is the body content for post 439. Lorem ipsum dolor sit amet, consectetur adipiscing elit.', 'sample-post-title-439', 1, 12, '2025-06-05 20:41:16', '2025-06-05 20:41:16', 0),
(443, 'Sample Post Title 440', 'This is the body content for post 440. Lorem ipsum dolor sit amet, consectetur adipiscing elit.', 'sample-post-title-440', 3, 4, '2025-06-05 20:41:16', '2025-06-05 20:41:16', 0),
(444, 'Sample Post Title 441', 'This is the body content for post 441. Lorem ipsum dolor sit amet, consectetur adipiscing elit.', 'sample-post-title-441', 6, 6, '2025-06-05 20:41:16', '2025-06-05 20:41:16', 0),
(445, 'Sample Post Title 442', 'This is the body content for post 442. Lorem ipsum dolor sit amet, consectetur adipiscing elit.', 'sample-post-title-442', 1, 4, '2025-06-05 20:41:16', '2025-06-05 20:41:16', 0),
(446, 'Sample Post Title 443', 'This is the body content for post 443. Lorem ipsum dolor sit amet, consectetur adipiscing elit.', 'sample-post-title-443', 5, 6, '2025-06-05 20:41:16', '2025-06-05 20:41:16', 0),
(447, 'Sample Post Title 444', 'This is the body content for post 444. Lorem ipsum dolor sit amet, consectetur adipiscing elit.', 'sample-post-title-444', 1, 5, '2025-06-05 20:41:16', '2025-06-05 20:41:16', 0),
(448, 'Sample Post Title 445', 'This is the body content for post 445. Lorem ipsum dolor sit amet, consectetur adipiscing elit.', 'sample-post-title-445', 3, 4, '2025-06-05 20:41:16', '2025-06-05 20:41:16', 0),
(449, 'Sample Post Title 446', 'This is the body content for post 446. Lorem ipsum dolor sit amet, consectetur adipiscing elit.', 'sample-post-title-446', 1, 12, '2025-06-05 20:41:16', '2025-06-05 20:41:16', 0),
(450, 'Sample Post Title 447', 'This is the body content for post 447. Lorem ipsum dolor sit amet, consectetur adipiscing elit.', 'sample-post-title-447', 4, 3, '2025-06-05 20:41:16', '2025-06-05 20:41:16', 0),
(451, 'Sample Post Title 448', 'This is the body content for post 448. Lorem ipsum dolor sit amet, consectetur adipiscing elit.', 'sample-post-title-448', 5, 3, '2025-06-05 20:41:16', '2025-06-05 20:41:16', 0),
(452, 'Sample Post Title 449', 'This is the body content for post 449. Lorem ipsum dolor sit amet, consectetur adipiscing elit.', 'sample-post-title-449', 6, 10, '2025-06-05 20:41:16', '2025-06-05 20:41:16', 0),
(453, 'Sample Post Title 450', 'This is the body content for post 450. Lorem ipsum dolor sit amet, consectetur adipiscing elit.', 'sample-post-title-450', 3, 4, '2025-06-05 20:41:16', '2025-06-05 20:41:16', 0),
(454, 'Sample Post Title 451', 'This is the body content for post 451. Lorem ipsum dolor sit amet, consectetur adipiscing elit.', 'sample-post-title-451', 6, 3, '2025-06-05 20:41:16', '2025-06-05 20:41:16', 0),
(455, 'Sample Post Title 452', 'This is the body content for post 452. Lorem ipsum dolor sit amet, consectetur adipiscing elit.', 'sample-post-title-452', 6, 10, '2025-06-05 20:41:16', '2025-06-05 20:41:16', 0),
(456, 'Sample Post Title 453', 'This is the body content for post 453. Lorem ipsum dolor sit amet, consectetur adipiscing elit.', 'sample-post-title-453', 3, 2, '2025-06-05 20:41:16', '2025-06-05 20:41:16', 0),
(457, 'Sample Post Title 454', 'This is the body content for post 454. Lorem ipsum dolor sit amet, consectetur adipiscing elit.', 'sample-post-title-454', 4, 11, '2025-06-05 20:41:16', '2025-06-05 20:41:16', 0),
(458, 'Sample Post Title 455', 'This is the body content for post 455. Lorem ipsum dolor sit amet, consectetur adipiscing elit.', 'sample-post-title-455', 3, 5, '2025-06-05 20:41:16', '2025-06-05 20:41:16', 0),
(459, 'Sample Post Title 456', 'This is the body content for post 456. Lorem ipsum dolor sit amet, consectetur adipiscing elit.', 'sample-post-title-456', 1, 10, '2025-06-05 20:41:16', '2025-06-05 20:41:16', 0),
(460, 'Sample Post Title 457', 'This is the body content for post 457. Lorem ipsum dolor sit amet, consectetur adipiscing elit.', 'sample-post-title-457', 6, 2, '2025-06-05 20:41:16', '2025-06-05 20:41:16', 0),
(461, 'Sample Post Title 458', 'This is the body content for post 458. Lorem ipsum dolor sit amet, consectetur adipiscing elit.', 'sample-post-title-458', 6, 2, '2025-06-05 20:41:16', '2025-06-05 20:41:16', 0),
(462, 'Sample Post Title 459', 'This is the body content for post 459. Lorem ipsum dolor sit amet, consectetur adipiscing elit.', 'sample-post-title-459', 5, 11, '2025-06-05 20:41:16', '2025-06-05 20:41:16', 0),
(463, 'Sample Post Title 460', 'This is the body content for post 460. Lorem ipsum dolor sit amet, consectetur adipiscing elit.', 'sample-post-title-460', 6, 1, '2025-06-05 20:41:16', '2025-06-05 20:41:16', 0),
(464, 'Sample Post Title 461', 'This is the body content for post 461. Lorem ipsum dolor sit amet, consectetur adipiscing elit.', 'sample-post-title-461', 4, 1, '2025-06-05 20:41:16', '2025-06-05 20:41:16', 0),
(465, 'Sample Post Title 462', 'This is the body content for post 462. Lorem ipsum dolor sit amet, consectetur adipiscing elit.', 'sample-post-title-462', 3, 12, '2025-06-05 20:41:16', '2025-06-05 20:41:16', 0),
(466, 'Sample Post Title 463', 'This is the body content for post 463. Lorem ipsum dolor sit amet, consectetur adipiscing elit.', 'sample-post-title-463', 6, 5, '2025-06-05 20:41:16', '2025-06-05 20:41:16', 0),
(467, 'Sample Post Title 464', 'This is the body content for post 464. Lorem ipsum dolor sit amet, consectetur adipiscing elit.', 'sample-post-title-464', 6, 2, '2025-06-05 20:41:16', '2025-06-05 20:41:16', 0),
(468, 'Sample Post Title 465', 'This is the body content for post 465. Lorem ipsum dolor sit amet, consectetur adipiscing elit.', 'sample-post-title-465', 4, 12, '2025-06-05 20:41:16', '2025-06-05 20:41:16', 0),
(469, 'Sample Post Title 466', 'This is the body content for post 466. Lorem ipsum dolor sit amet, consectetur adipiscing elit.', 'sample-post-title-466', 6, 12, '2025-06-05 20:41:16', '2025-06-05 20:41:16', 0),
(470, 'Sample Post Title 467', 'This is the body content for post 467. Lorem ipsum dolor sit amet, consectetur adipiscing elit.', 'sample-post-title-467', 4, 11, '2025-06-05 20:41:16', '2025-06-05 20:41:16', 0),
(471, 'Sample Post Title 468', 'This is the body content for post 468. Lorem ipsum dolor sit amet, consectetur adipiscing elit.', 'sample-post-title-468', 1, 10, '2025-06-05 20:41:16', '2025-06-05 20:41:16', 0),
(472, 'Sample Post Title 469', 'This is the body content for post 469. Lorem ipsum dolor sit amet, consectetur adipiscing elit.', 'sample-post-title-469', 4, 12, '2025-06-05 20:41:16', '2025-06-05 20:41:16', 0),
(473, 'Sample Post Title 470', 'This is the body content for post 470. Lorem ipsum dolor sit amet, consectetur adipiscing elit.', 'sample-post-title-470', 5, 4, '2025-06-05 20:41:16', '2025-06-05 20:41:16', 0),
(474, 'Sample Post Title 471', 'This is the body content for post 471. Lorem ipsum dolor sit amet, consectetur adipiscing elit.', 'sample-post-title-471', 4, 10, '2025-06-05 20:41:16', '2025-06-05 20:41:16', 0),
(475, 'Sample Post Title 472', 'This is the body content for post 472. Lorem ipsum dolor sit amet, consectetur adipiscing elit.', 'sample-post-title-472', 3, 11, '2025-06-05 20:41:16', '2025-06-05 20:41:16', 0),
(476, 'Sample Post Title 473', 'This is the body content for post 473. Lorem ipsum dolor sit amet, consectetur adipiscing elit.', 'sample-post-title-473', 6, 11, '2025-06-05 20:41:16', '2025-06-05 20:41:16', 0),
(477, 'Sample Post Title 474', 'This is the body content for post 474. Lorem ipsum dolor sit amet, consectetur adipiscing elit.', 'sample-post-title-474', 1, 5, '2025-06-05 20:41:16', '2025-06-05 20:41:16', 0),
(478, 'Sample Post Title 475', 'This is the body content for post 475. Lorem ipsum dolor sit amet, consectetur adipiscing elit.', 'sample-post-title-475', 6, 10, '2025-06-05 20:41:16', '2025-06-05 20:41:16', 0),
(479, 'Sample Post Title 476', 'This is the body content for post 476. Lorem ipsum dolor sit amet, consectetur adipiscing elit.', 'sample-post-title-476', 1, 2, '2025-06-05 20:41:16', '2025-06-05 20:41:16', 0),
(480, 'Sample Post Title 477', 'This is the body content for post 477. Lorem ipsum dolor sit amet, consectetur adipiscing elit.', 'sample-post-title-477', 4, 1, '2025-06-05 20:41:16', '2025-06-05 20:41:16', 0);
INSERT INTO `posts` (`id`, `title`, `body`, `slug`, `category_id`, `author_id`, `created_at`, `updated_at`, `status`) VALUES
(481, 'Sample Post Title 478', 'This is the body content for post 478. Lorem ipsum dolor sit amet, consectetur adipiscing elit.', 'sample-post-title-478', 4, 5, '2025-06-05 20:41:16', '2025-06-05 20:41:16', 0),
(482, 'Sample Post Title 479', 'This is the body content for post 479. Lorem ipsum dolor sit amet, consectetur adipiscing elit.', 'sample-post-title-479', 6, 3, '2025-06-05 20:41:16', '2025-06-05 20:41:16', 0),
(483, 'Sample Post Title 480', 'This is the body content for post 480. Lorem ipsum dolor sit amet, consectetur adipiscing elit.', 'sample-post-title-480', 4, 12, '2025-06-05 20:41:16', '2025-06-05 20:41:16', 0),
(484, 'Sample Post Title 481', 'This is the body content for post 481. Lorem ipsum dolor sit amet, consectetur adipiscing elit.', 'sample-post-title-481', 6, 10, '2025-06-05 20:41:16', '2025-06-05 20:41:16', 0),
(485, 'Sample Post Title 482', 'This is the body content for post 482. Lorem ipsum dolor sit amet, consectetur adipiscing elit.', 'sample-post-title-482', 6, 2, '2025-06-05 20:41:16', '2025-06-05 20:41:16', 0),
(486, 'Sample Post Title 483', 'This is the body content for post 483. Lorem ipsum dolor sit amet, consectetur adipiscing elit.', 'sample-post-title-483', 4, 11, '2025-06-05 20:41:16', '2025-06-05 20:41:16', 0),
(487, 'Sample Post Title 484', 'This is the body content for post 484. Lorem ipsum dolor sit amet, consectetur adipiscing elit.', 'sample-post-title-484', 5, 10, '2025-06-05 20:41:16', '2025-06-05 20:41:16', 0),
(488, 'Sample Post Title 485', 'This is the body content for post 485. Lorem ipsum dolor sit amet, consectetur adipiscing elit.', 'sample-post-title-485', 5, 4, '2025-06-05 20:41:16', '2025-06-05 20:41:16', 0),
(489, 'Sample Post Title 486', 'This is the body content for post 486. Lorem ipsum dolor sit amet, consectetur adipiscing elit.', 'sample-post-title-486', 6, 10, '2025-06-05 20:41:16', '2025-06-05 20:41:16', 0),
(490, 'Sample Post Title 487', 'This is the body content for post 487. Lorem ipsum dolor sit amet, consectetur adipiscing elit.', 'sample-post-title-487', 4, 2, '2025-06-05 20:41:16', '2025-06-05 20:41:16', 0),
(491, 'Sample Post Title 488', 'This is the body content for post 488. Lorem ipsum dolor sit amet, consectetur adipiscing elit.', 'sample-post-title-488', 6, 10, '2025-06-05 20:41:16', '2025-06-05 20:41:16', 0),
(492, 'Sample Post Title 489', 'This is the body content for post 489. Lorem ipsum dolor sit amet, consectetur adipiscing elit.', 'sample-post-title-489', 6, 12, '2025-06-05 20:41:16', '2025-06-05 20:41:16', 0),
(493, 'Sample Post Title 490', 'This is the body content for post 490. Lorem ipsum dolor sit amet, consectetur adipiscing elit.', 'sample-post-title-490', 6, 1, '2025-06-05 20:41:16', '2025-06-05 20:41:16', 0),
(494, 'Sample Post Title 491', 'This is the body content for post 491. Lorem ipsum dolor sit amet, consectetur adipiscing elit.', 'sample-post-title-491', 5, 12, '2025-06-05 20:41:16', '2025-06-05 20:41:16', 0),
(495, 'Sample Post Title 492', 'This is the body content for post 492. Lorem ipsum dolor sit amet, consectetur adipiscing elit.', 'sample-post-title-492', 5, 2, '2025-06-05 20:41:16', '2025-06-05 20:41:16', 0),
(496, 'Sample Post Title 493', 'This is the body content for post 493. Lorem ipsum dolor sit amet, consectetur adipiscing elit.', 'sample-post-title-493', 6, 11, '2025-06-05 20:41:16', '2025-06-05 20:41:16', 0),
(497, 'Sample Post Title 494', 'This is the body content for post 494. Lorem ipsum dolor sit amet, consectetur adipiscing elit.', 'sample-post-title-494', 1, 1, '2025-06-05 20:41:16', '2025-06-05 20:41:16', 0),
(498, 'Sample Post Title 495', 'This is the body content for post 495. Lorem ipsum dolor sit amet, consectetur adipiscing elit.', 'sample-post-title-495', 1, 12, '2025-06-05 20:41:16', '2025-06-05 20:41:16', 0),
(499, 'Sample Post Title 496', 'This is the body content for post 496. Lorem ipsum dolor sit amet, consectetur adipiscing elit.', 'sample-post-title-496', 3, 5, '2025-06-05 20:41:16', '2025-06-05 20:41:16', 0),
(500, 'Sample Post Title 497', 'This is the body content for post 497. Lorem ipsum dolor sit amet, consectetur adipiscing elit.', 'sample-post-title-497', 1, 5, '2025-06-05 20:41:16', '2025-06-05 20:41:16', 0),
(501, 'Sample Post Title 498', 'This is the body content for post 498. Lorem ipsum dolor sit amet, consectetur adipiscing elit.', 'sample-post-title-498', 4, 12, '2025-06-05 20:41:16', '2025-06-05 20:41:16', 0),
(502, 'Sample Post Title 499', 'This is the body content for post 499. Lorem ipsum dolor sit amet, consectetur adipiscing elit.', 'sample-post-title-499', 1, 6, '2025-06-05 20:41:16', '2025-06-05 20:41:16', 0),
(503, 'Sample Post Title 500', 'This is the body content for post 500. Lorem ipsum dolor sit amet, consectetur adipiscing elit.', 'sample-post-title-500', 3, 3, '2025-06-05 20:41:16', '2025-06-05 20:41:16', 0),
(504, 'Sample Post Title 501', 'This is the body content for post 501. Lorem ipsum dolor sit amet, consectetur adipiscing elit.', 'sample-post-title-501', 4, 6, '2025-06-05 20:41:16', '2025-06-05 20:41:16', 0),
(505, 'Sample Post Title 502', 'This is the body content for post 502. Lorem ipsum dolor sit amet, consectetur adipiscing elit.', 'sample-post-title-502', 3, 2, '2025-06-05 20:41:16', '2025-06-05 20:41:16', 0),
(506, 'Sample Post Title 503', 'This is the body content for post 503. Lorem ipsum dolor sit amet, consectetur adipiscing elit.', 'sample-post-title-503', 4, 4, '2025-06-05 20:41:16', '2025-06-05 20:41:16', 0),
(507, 'Sample Post Title 504', 'This is the body content for post 504. Lorem ipsum dolor sit amet, consectetur adipiscing elit.', 'sample-post-title-504', 4, 11, '2025-06-05 20:41:16', '2025-06-05 20:41:16', 0),
(508, 'Sample Post Title 505', 'This is the body content for post 505. Lorem ipsum dolor sit amet, consectetur adipiscing elit.', 'sample-post-title-505', 1, 3, '2025-06-05 20:41:16', '2025-06-05 20:41:16', 0),
(509, 'Sample Post Title 506', 'This is the body content for post 506. Lorem ipsum dolor sit amet, consectetur adipiscing elit.', 'sample-post-title-506', 3, 10, '2025-06-05 20:41:16', '2025-06-05 20:41:16', 0),
(510, 'Sample Post Title 507', 'This is the body content for post 507. Lorem ipsum dolor sit amet, consectetur adipiscing elit.', 'sample-post-title-507', 6, 11, '2025-06-05 20:41:16', '2025-06-05 20:41:16', 0),
(511, 'Sample Post Title 508', 'This is the body content for post 508. Lorem ipsum dolor sit amet, consectetur adipiscing elit.', 'sample-post-title-508', 5, 11, '2025-06-05 20:41:16', '2025-06-05 20:41:16', 0),
(512, 'Sample Post Title 509', 'This is the body content for post 509. Lorem ipsum dolor sit amet, consectetur adipiscing elit.', 'sample-post-title-509', 4, 1, '2025-06-05 20:41:16', '2025-06-05 20:41:16', 0),
(513, 'Sample Post Title 510', 'This is the body content for post 510. Lorem ipsum dolor sit amet, consectetur adipiscing elit.', 'sample-post-title-510', 3, 2, '2025-06-05 20:41:16', '2025-06-05 20:41:16', 0),
(514, 'Sample Post Title 511', 'This is the body content for post 511. Lorem ipsum dolor sit amet, consectetur adipiscing elit.', 'sample-post-title-511', 1, 11, '2025-06-05 20:41:16', '2025-06-05 20:41:16', 0),
(515, 'Sample Post Title 512', 'This is the body content for post 512. Lorem ipsum dolor sit amet, consectetur adipiscing elit.', 'sample-post-title-512', 6, 4, '2025-06-05 20:41:16', '2025-06-05 20:41:16', 0),
(516, 'Sample Post Title 513', 'This is the body content for post 513. Lorem ipsum dolor sit amet, consectetur adipiscing elit.', 'sample-post-title-513', 4, 6, '2025-06-05 20:41:16', '2025-06-05 20:41:16', 0),
(517, 'Sample Post Title 514', 'This is the body content for post 514. Lorem ipsum dolor sit amet, consectetur adipiscing elit.', 'sample-post-title-514', 3, 1, '2025-06-05 20:41:16', '2025-06-05 20:41:16', 0),
(518, 'Sample Post Title 515', 'This is the body content for post 515. Lorem ipsum dolor sit amet, consectetur adipiscing elit.', 'sample-post-title-515', 1, 12, '2025-06-05 20:41:16', '2025-06-05 20:41:16', 0),
(519, 'Sample Post Title 516', 'This is the body content for post 516. Lorem ipsum dolor sit amet, consectetur adipiscing elit.', 'sample-post-title-516', 6, 2, '2025-06-05 20:41:16', '2025-06-05 20:41:16', 0),
(520, 'Sample Post Title 517', 'This is the body content for post 517. Lorem ipsum dolor sit amet, consectetur adipiscing elit.', 'sample-post-title-517', 3, 12, '2025-06-05 20:41:16', '2025-06-05 20:41:16', 0),
(521, 'Sample Post Title 518', 'This is the body content for post 518. Lorem ipsum dolor sit amet, consectetur adipiscing elit.', 'sample-post-title-518', 4, 10, '2025-06-05 20:41:16', '2025-06-05 20:41:16', 0),
(522, 'Sample Post Title 519', 'This is the body content for post 519. Lorem ipsum dolor sit amet, consectetur adipiscing elit.', 'sample-post-title-519', 6, 5, '2025-06-05 20:41:16', '2025-06-05 20:41:16', 0),
(523, 'Sample Post Title 520', 'This is the body content for post 520. Lorem ipsum dolor sit amet, consectetur adipiscing elit.', 'sample-post-title-520', 6, 2, '2025-06-05 20:41:16', '2025-06-05 20:41:16', 0),
(524, 'Sample Post Title 521', 'This is the body content for post 521. Lorem ipsum dolor sit amet, consectetur adipiscing elit.', 'sample-post-title-521', 5, 5, '2025-06-05 20:41:16', '2025-06-05 20:41:16', 0),
(525, 'Sample Post Title 522', 'This is the body content for post 522. Lorem ipsum dolor sit amet, consectetur adipiscing elit.', 'sample-post-title-522', 1, 5, '2025-06-05 20:41:16', '2025-06-05 20:41:16', 0),
(526, 'Sample Post Title 523', 'This is the body content for post 523. Lorem ipsum dolor sit amet, consectetur adipiscing elit.', 'sample-post-title-523', 4, 6, '2025-06-05 20:41:16', '2025-06-05 20:41:16', 0),
(527, 'Sample Post Title 524', 'This is the body content for post 524. Lorem ipsum dolor sit amet, consectetur adipiscing elit.', 'sample-post-title-524', 6, 10, '2025-06-05 20:41:16', '2025-06-05 20:41:16', 0),
(528, 'Sample Post Title 525', 'This is the body content for post 525. Lorem ipsum dolor sit amet, consectetur adipiscing elit.', 'sample-post-title-525', 6, 2, '2025-06-05 20:41:16', '2025-06-05 20:41:16', 0),
(529, 'Sample Post Title 526', 'This is the body content for post 526. Lorem ipsum dolor sit amet, consectetur adipiscing elit.', 'sample-post-title-526', 4, 10, '2025-06-05 20:41:16', '2025-06-05 20:41:16', 0),
(530, 'Sample Post Title 527', 'This is the body content for post 527. Lorem ipsum dolor sit amet, consectetur adipiscing elit.', 'sample-post-title-527', 4, 5, '2025-06-05 20:41:16', '2025-06-05 20:41:16', 0),
(531, 'Sample Post Title 528', 'This is the body content for post 528. Lorem ipsum dolor sit amet, consectetur adipiscing elit.', 'sample-post-title-528', 5, 2, '2025-06-05 20:41:16', '2025-06-05 20:41:16', 0),
(532, 'Sample Post Title 529', 'This is the body content for post 529. Lorem ipsum dolor sit amet, consectetur adipiscing elit.', 'sample-post-title-529', 5, 3, '2025-06-05 20:41:16', '2025-06-05 20:41:16', 0),
(533, 'Sample Post Title 530', 'This is the body content for post 530. Lorem ipsum dolor sit amet, consectetur adipiscing elit.', 'sample-post-title-530', 6, 2, '2025-06-05 20:41:16', '2025-06-05 20:41:16', 0),
(534, 'Sample Post Title 531', 'This is the body content for post 531. Lorem ipsum dolor sit amet, consectetur adipiscing elit.', 'sample-post-title-531', 5, 11, '2025-06-05 20:41:16', '2025-06-05 20:41:16', 0),
(535, 'Sample Post Title 532', 'This is the body content for post 532. Lorem ipsum dolor sit amet, consectetur adipiscing elit.', 'sample-post-title-532', 1, 11, '2025-06-05 20:41:16', '2025-06-05 20:41:16', 0),
(536, 'Sample Post Title 533', 'This is the body content for post 533. Lorem ipsum dolor sit amet, consectetur adipiscing elit.', 'sample-post-title-533', 6, 11, '2025-06-05 20:41:16', '2025-06-05 20:41:16', 0),
(537, 'Sample Post Title 534', 'This is the body content for post 534. Lorem ipsum dolor sit amet, consectetur adipiscing elit.', 'sample-post-title-534', 3, 10, '2025-06-05 20:41:16', '2025-06-05 20:41:16', 0),
(538, 'Sample Post Title 535', 'This is the body content for post 535. Lorem ipsum dolor sit amet, consectetur adipiscing elit.', 'sample-post-title-535', 1, 10, '2025-06-05 20:41:16', '2025-06-05 20:41:16', 0),
(539, 'Sample Post Title 536', 'This is the body content for post 536. Lorem ipsum dolor sit amet, consectetur adipiscing elit.', 'sample-post-title-536', 4, 6, '2025-06-05 20:41:16', '2025-06-05 20:41:16', 0),
(540, 'Sample Post Title 537', 'This is the body content for post 537. Lorem ipsum dolor sit amet, consectetur adipiscing elit.', 'sample-post-title-537', 1, 1, '2025-06-05 20:41:16', '2025-06-05 20:41:16', 0),
(541, 'Sample Post Title 538', 'This is the body content for post 538. Lorem ipsum dolor sit amet, consectetur adipiscing elit.', 'sample-post-title-538', 6, 6, '2025-06-05 20:41:16', '2025-06-05 20:41:16', 0),
(542, 'Sample Post Title 539', 'This is the body content for post 539. Lorem ipsum dolor sit amet, consectetur adipiscing elit.', 'sample-post-title-539', 3, 1, '2025-06-05 20:41:16', '2025-06-05 20:41:16', 0),
(543, 'Sample Post Title 540', 'This is the body content for post 540. Lorem ipsum dolor sit amet, consectetur adipiscing elit.', 'sample-post-title-540', 5, 11, '2025-06-05 20:41:16', '2025-06-05 20:41:16', 0),
(544, 'Sample Post Title 541', 'This is the body content for post 541. Lorem ipsum dolor sit amet, consectetur adipiscing elit.', 'sample-post-title-541', 3, 3, '2025-06-05 20:41:16', '2025-06-05 20:41:16', 0),
(545, 'Sample Post Title 542', 'This is the body content for post 542. Lorem ipsum dolor sit amet, consectetur adipiscing elit.', 'sample-post-title-542', 1, 10, '2025-06-05 20:41:16', '2025-06-05 20:41:16', 0),
(546, 'Sample Post Title 543', 'This is the body content for post 543. Lorem ipsum dolor sit amet, consectetur adipiscing elit.', 'sample-post-title-543', 6, 1, '2025-06-05 20:41:16', '2025-06-05 20:41:16', 0),
(547, 'Sample Post Title 544', 'This is the body content for post 544. Lorem ipsum dolor sit amet, consectetur adipiscing elit.', 'sample-post-title-544', 1, 5, '2025-06-05 20:41:16', '2025-06-05 20:41:16', 0),
(548, 'Sample Post Title 545', 'This is the body content for post 545. Lorem ipsum dolor sit amet, consectetur adipiscing elit.', 'sample-post-title-545', 4, 6, '2025-06-05 20:41:16', '2025-06-05 20:41:16', 0),
(549, 'Sample Post Title 546', 'This is the body content for post 546. Lorem ipsum dolor sit amet, consectetur adipiscing elit.', 'sample-post-title-546', 1, 6, '2025-06-05 20:41:16', '2025-06-05 20:41:16', 0),
(550, 'Sample Post Title 547', 'This is the body content for post 547. Lorem ipsum dolor sit amet, consectetur adipiscing elit.', 'sample-post-title-547', 3, 11, '2025-06-05 20:41:16', '2025-06-05 20:41:16', 0),
(551, 'Sample Post Title 548', 'This is the body content for post 548. Lorem ipsum dolor sit amet, consectetur adipiscing elit.', 'sample-post-title-548', 5, 6, '2025-06-05 20:41:16', '2025-06-05 20:41:16', 0),
(552, 'Sample Post Title 549', 'This is the body content for post 549. Lorem ipsum dolor sit amet, consectetur adipiscing elit.', 'sample-post-title-549', 1, 5, '2025-06-05 20:41:16', '2025-06-05 20:41:16', 0),
(553, 'Sample Post Title 550', 'This is the body content for post 550. Lorem ipsum dolor sit amet, consectetur adipiscing elit.', 'sample-post-title-550', 5, 4, '2025-06-05 20:41:16', '2025-06-05 20:41:16', 0),
(554, 'Sample Post Title 551', 'This is the body content for post 551. Lorem ipsum dolor sit amet, consectetur adipiscing elit.', 'sample-post-title-551', 5, 6, '2025-06-05 20:41:16', '2025-06-05 20:41:16', 0),
(555, 'Sample Post Title 552', 'This is the body content for post 552. Lorem ipsum dolor sit amet, consectetur adipiscing elit.', 'sample-post-title-552', 5, 3, '2025-06-05 20:41:16', '2025-06-05 20:41:16', 0),
(556, 'Sample Post Title 553', 'This is the body content for post 553. Lorem ipsum dolor sit amet, consectetur adipiscing elit.', 'sample-post-title-553', 4, 4, '2025-06-05 20:41:16', '2025-06-05 20:41:16', 0),
(557, 'Sample Post Title 554', 'This is the body content for post 554. Lorem ipsum dolor sit amet, consectetur adipiscing elit.', 'sample-post-title-554', 3, 3, '2025-06-05 20:41:16', '2025-06-05 20:41:16', 0),
(558, 'Sample Post Title 555', 'This is the body content for post 555. Lorem ipsum dolor sit amet, consectetur adipiscing elit.', 'sample-post-title-555', 1, 11, '2025-06-05 20:41:16', '2025-06-05 20:41:16', 0),
(559, 'Sample Post Title 556', 'This is the body content for post 556. Lorem ipsum dolor sit amet, consectetur adipiscing elit.', 'sample-post-title-556', 5, 10, '2025-06-05 20:41:16', '2025-06-05 20:41:16', 0),
(560, 'Sample Post Title 557', 'This is the body content for post 557. Lorem ipsum dolor sit amet, consectetur adipiscing elit.', 'sample-post-title-557', 3, 3, '2025-06-05 20:41:16', '2025-06-05 20:41:16', 0),
(561, 'Sample Post Title 558', 'This is the body content for post 558. Lorem ipsum dolor sit amet, consectetur adipiscing elit.', 'sample-post-title-558', 4, 3, '2025-06-05 20:41:16', '2025-06-05 20:41:16', 0),
(562, 'Sample Post Title 559', 'This is the body content for post 559. Lorem ipsum dolor sit amet, consectetur adipiscing elit.', 'sample-post-title-559', 4, 11, '2025-06-05 20:41:16', '2025-06-05 20:41:16', 0),
(563, 'Sample Post Title 560', 'This is the body content for post 560. Lorem ipsum dolor sit amet, consectetur adipiscing elit.', 'sample-post-title-560', 3, 6, '2025-06-05 20:41:16', '2025-06-05 20:41:16', 0),
(564, 'Sample Post Title 561', 'This is the body content for post 561. Lorem ipsum dolor sit amet, consectetur adipiscing elit.', 'sample-post-title-561', 4, 3, '2025-06-05 20:41:16', '2025-06-05 20:41:16', 0),
(565, 'Sample Post Title 562', 'This is the body content for post 562. Lorem ipsum dolor sit amet, consectetur adipiscing elit.', 'sample-post-title-562', 3, 12, '2025-06-05 20:41:16', '2025-06-05 20:41:16', 0),
(566, 'Sample Post Title 563', 'This is the body content for post 563. Lorem ipsum dolor sit amet, consectetur adipiscing elit.', 'sample-post-title-563', 3, 10, '2025-06-05 20:41:16', '2025-06-05 20:41:16', 0),
(567, 'Sample Post Title 564', 'This is the body content for post 564. Lorem ipsum dolor sit amet, consectetur adipiscing elit.', 'sample-post-title-564', 3, 2, '2025-06-05 20:41:16', '2025-06-05 20:41:16', 0),
(568, 'Sample Post Title 565', 'This is the body content for post 565. Lorem ipsum dolor sit amet, consectetur adipiscing elit.', 'sample-post-title-565', 1, 12, '2025-06-05 20:41:16', '2025-06-05 20:41:16', 0),
(569, 'Sample Post Title 566', 'This is the body content for post 566. Lorem ipsum dolor sit amet, consectetur adipiscing elit.', 'sample-post-title-566', 1, 1, '2025-06-05 20:41:16', '2025-06-05 20:41:16', 0),
(570, 'Sample Post Title 567', 'This is the body content for post 567. Lorem ipsum dolor sit amet, consectetur adipiscing elit.', 'sample-post-title-567', 5, 3, '2025-06-05 20:41:16', '2025-06-05 20:41:16', 0),
(571, 'Sample Post Title 568', 'This is the body content for post 568. Lorem ipsum dolor sit amet, consectetur adipiscing elit.', 'sample-post-title-568', 5, 4, '2025-06-05 20:41:16', '2025-06-05 20:41:16', 0),
(572, 'Sample Post Title 569', 'This is the body content for post 569. Lorem ipsum dolor sit amet, consectetur adipiscing elit.', 'sample-post-title-569', 3, 10, '2025-06-05 20:41:16', '2025-06-05 20:41:16', 0),
(573, 'Sample Post Title 570', 'This is the body content for post 570. Lorem ipsum dolor sit amet, consectetur adipiscing elit.', 'sample-post-title-570', 6, 4, '2025-06-05 20:41:16', '2025-06-05 20:41:16', 0),
(574, 'Sample Post Title 571', 'This is the body content for post 571. Lorem ipsum dolor sit amet, consectetur adipiscing elit.', 'sample-post-title-571', 6, 4, '2025-06-05 20:41:16', '2025-06-05 20:41:16', 0),
(575, 'Sample Post Title 572', 'This is the body content for post 572. Lorem ipsum dolor sit amet, consectetur adipiscing elit.', 'sample-post-title-572', 1, 3, '2025-06-05 20:41:16', '2025-06-05 20:41:16', 0),
(576, 'Sample Post Title 573', 'This is the body content for post 573. Lorem ipsum dolor sit amet, consectetur adipiscing elit.', 'sample-post-title-573', 1, 5, '2025-06-05 20:41:16', '2025-06-05 20:41:16', 0),
(577, 'Sample Post Title 574', 'This is the body content for post 574. Lorem ipsum dolor sit amet, consectetur adipiscing elit.', 'sample-post-title-574', 1, 10, '2025-06-05 20:41:16', '2025-06-05 20:41:16', 0),
(578, 'Sample Post Title 575', 'This is the body content for post 575. Lorem ipsum dolor sit amet, consectetur adipiscing elit.', 'sample-post-title-575', 6, 11, '2025-06-05 20:41:16', '2025-06-05 20:41:16', 0),
(579, 'Sample Post Title 576', 'This is the body content for post 576. Lorem ipsum dolor sit amet, consectetur adipiscing elit.', 'sample-post-title-576', 6, 1, '2025-06-05 20:41:16', '2025-06-05 20:41:16', 0),
(580, 'Sample Post Title 577', 'This is the body content for post 577. Lorem ipsum dolor sit amet, consectetur adipiscing elit.', 'sample-post-title-577', 1, 2, '2025-06-05 20:41:16', '2025-06-05 20:41:16', 0),
(581, 'Sample Post Title 578', 'This is the body content for post 578. Lorem ipsum dolor sit amet, consectetur adipiscing elit.', 'sample-post-title-578', 6, 4, '2025-06-05 20:41:16', '2025-06-05 20:41:16', 0),
(582, 'Sample Post Title 579', 'This is the body content for post 579. Lorem ipsum dolor sit amet, consectetur adipiscing elit.', 'sample-post-title-579', 5, 4, '2025-06-05 20:41:16', '2025-06-05 20:41:16', 0),
(583, 'Sample Post Title 580', 'This is the body content for post 580. Lorem ipsum dolor sit amet, consectetur adipiscing elit.', 'sample-post-title-580', 5, 3, '2025-06-05 20:41:16', '2025-06-05 20:41:16', 0),
(584, 'Sample Post Title 581', 'This is the body content for post 581. Lorem ipsum dolor sit amet, consectetur adipiscing elit.', 'sample-post-title-581', 5, 1, '2025-06-05 20:41:16', '2025-06-05 20:41:16', 0),
(585, 'Sample Post Title 582', 'This is the body content for post 582. Lorem ipsum dolor sit amet, consectetur adipiscing elit.', 'sample-post-title-582', 1, 5, '2025-06-05 20:41:16', '2025-06-05 20:41:16', 0),
(586, 'Sample Post Title 583', 'This is the body content for post 583. Lorem ipsum dolor sit amet, consectetur adipiscing elit.', 'sample-post-title-583', 5, 4, '2025-06-05 20:41:16', '2025-06-05 20:41:16', 0),
(587, 'Sample Post Title 584', 'This is the body content for post 584. Lorem ipsum dolor sit amet, consectetur adipiscing elit.', 'sample-post-title-584', 5, 10, '2025-06-05 20:41:16', '2025-06-05 20:41:16', 0),
(588, 'Sample Post Title 585', 'This is the body content for post 585. Lorem ipsum dolor sit amet, consectetur adipiscing elit.', 'sample-post-title-585', 5, 11, '2025-06-05 20:41:16', '2025-06-05 20:41:16', 0),
(589, 'Sample Post Title 586', 'This is the body content for post 586. Lorem ipsum dolor sit amet, consectetur adipiscing elit.', 'sample-post-title-586', 3, 5, '2025-06-05 20:41:16', '2025-06-05 20:41:16', 0),
(590, 'Sample Post Title 587', 'This is the body content for post 587. Lorem ipsum dolor sit amet, consectetur adipiscing elit.', 'sample-post-title-587', 3, 12, '2025-06-05 20:41:16', '2025-06-05 20:41:16', 0),
(591, 'Sample Post Title 588', 'This is the body content for post 588. Lorem ipsum dolor sit amet, consectetur adipiscing elit.', 'sample-post-title-588', 6, 1, '2025-06-05 20:41:16', '2025-06-05 20:41:16', 0),
(592, 'Sample Post Title 589', 'This is the body content for post 589. Lorem ipsum dolor sit amet, consectetur adipiscing elit.', 'sample-post-title-589', 1, 2, '2025-06-05 20:41:16', '2025-06-05 20:41:16', 0),
(593, 'Sample Post Title 590', 'This is the body content for post 590. Lorem ipsum dolor sit amet, consectetur adipiscing elit.', 'sample-post-title-590', 6, 3, '2025-06-05 20:41:16', '2025-06-05 20:41:16', 0),
(594, 'Sample Post Title 591', 'This is the body content for post 591. Lorem ipsum dolor sit amet, consectetur adipiscing elit.', 'sample-post-title-591', 3, 11, '2025-06-05 20:41:16', '2025-06-05 20:41:16', 0),
(595, 'Sample Post Title 592', 'This is the body content for post 592. Lorem ipsum dolor sit amet, consectetur adipiscing elit.', 'sample-post-title-592', 4, 6, '2025-06-05 20:41:16', '2025-06-05 20:41:16', 0),
(596, 'Sample Post Title 593', 'This is the body content for post 593. Lorem ipsum dolor sit amet, consectetur adipiscing elit.', 'sample-post-title-593', 1, 1, '2025-06-05 20:41:16', '2025-06-05 20:41:16', 0),
(597, 'Sample Post Title 594', 'This is the body content for post 594. Lorem ipsum dolor sit amet, consectetur adipiscing elit.', 'sample-post-title-594', 5, 11, '2025-06-05 20:41:16', '2025-06-05 20:41:16', 0),
(598, 'Sample Post Title 595', 'This is the body content for post 595. Lorem ipsum dolor sit amet, consectetur adipiscing elit.', 'sample-post-title-595', 1, 6, '2025-06-05 20:41:16', '2025-06-05 20:41:16', 0),
(599, 'Sample Post Title 596', 'This is the body content for post 596. Lorem ipsum dolor sit amet, consectetur adipiscing elit.', 'sample-post-title-596', 5, 1, '2025-06-05 20:41:16', '2025-06-05 20:41:16', 0),
(600, 'Sample Post Title 597', 'This is the body content for post 597. Lorem ipsum dolor sit amet, consectetur adipiscing elit.', 'sample-post-title-597', 6, 4, '2025-06-05 20:41:16', '2025-06-05 20:41:16', 0),
(601, 'Sample Post Title 598', 'This is the body content for post 598. Lorem ipsum dolor sit amet, consectetur adipiscing elit.', 'sample-post-title-598', 4, 12, '2025-06-05 20:41:16', '2025-06-05 20:41:16', 0),
(602, 'Sample Post Title 599', 'This is the body content for post 599. Lorem ipsum dolor sit amet, consectetur adipiscing elit.', 'sample-post-title-599', 5, 4, '2025-06-05 20:41:16', '2025-06-05 20:41:16', 0),
(603, 'Sample Post Title 600', 'This is the body content for post 600. Lorem ipsum dolor sit amet, consectetur adipiscing elit.', 'sample-post-title-600', 6, 10, '2025-06-05 20:41:16', '2025-06-05 20:41:16', 0),
(604, 'Sample Post Title 601', 'This is the body content for post 601. Lorem ipsum dolor sit amet, consectetur adipiscing elit.', 'sample-post-title-601', 1, 2, '2025-06-05 20:41:16', '2025-06-05 20:41:16', 0),
(605, 'Sample Post Title 602', 'This is the body content for post 602. Lorem ipsum dolor sit amet, consectetur adipiscing elit.', 'sample-post-title-602', 5, 10, '2025-06-05 20:41:16', '2025-06-05 20:41:16', 0),
(606, 'Sample Post Title 603', 'This is the body content for post 603. Lorem ipsum dolor sit amet, consectetur adipiscing elit.', 'sample-post-title-603', 4, 5, '2025-06-05 20:41:16', '2025-06-05 20:41:16', 0),
(607, 'Sample Post Title 604', 'This is the body content for post 604. Lorem ipsum dolor sit amet, consectetur adipiscing elit.', 'sample-post-title-604', 3, 5, '2025-06-05 20:41:16', '2025-06-05 20:41:16', 0),
(608, 'Sample Post Title 605', 'This is the body content for post 605. Lorem ipsum dolor sit amet, consectetur adipiscing elit.', 'sample-post-title-605', 6, 3, '2025-06-05 20:41:16', '2025-06-05 20:41:16', 0),
(609, 'Sample Post Title 606', 'This is the body content for post 606. Lorem ipsum dolor sit amet, consectetur adipiscing elit.', 'sample-post-title-606', 1, 6, '2025-06-05 20:41:16', '2025-06-05 20:41:16', 0),
(610, 'Sample Post Title 607', 'This is the body content for post 607. Lorem ipsum dolor sit amet, consectetur adipiscing elit.', 'sample-post-title-607', 5, 6, '2025-06-05 20:41:16', '2025-06-05 20:41:16', 0),
(611, 'Sample Post Title 608', 'This is the body content for post 608. Lorem ipsum dolor sit amet, consectetur adipiscing elit.', 'sample-post-title-608', 6, 4, '2025-06-05 20:41:16', '2025-06-05 20:41:16', 0),
(612, 'Sample Post Title 609', 'This is the body content for post 609. Lorem ipsum dolor sit amet, consectetur adipiscing elit.', 'sample-post-title-609', 4, 12, '2025-06-05 20:41:16', '2025-06-05 20:41:16', 0),
(613, 'Sample Post Title 610', 'This is the body content for post 610. Lorem ipsum dolor sit amet, consectetur adipiscing elit.', 'sample-post-title-610', 4, 4, '2025-06-05 20:41:16', '2025-06-05 20:41:16', 0),
(614, 'Sample Post Title 611', 'This is the body content for post 611. Lorem ipsum dolor sit amet, consectetur adipiscing elit.', 'sample-post-title-611', 3, 4, '2025-06-05 20:41:16', '2025-06-05 20:41:16', 0),
(615, 'Sample Post Title 612', 'This is the body content for post 612. Lorem ipsum dolor sit amet, consectetur adipiscing elit.', 'sample-post-title-612', 1, 1, '2025-06-05 20:41:16', '2025-06-05 20:41:16', 0),
(616, 'Sample Post Title 613', 'This is the body content for post 613. Lorem ipsum dolor sit amet, consectetur adipiscing elit.', 'sample-post-title-613', 5, 1, '2025-06-05 20:41:16', '2025-06-05 20:41:16', 0),
(617, 'Sample Post Title 614', 'This is the body content for post 614. Lorem ipsum dolor sit amet, consectetur adipiscing elit.', 'sample-post-title-614', 3, 4, '2025-06-05 20:41:16', '2025-06-05 20:41:16', 0),
(618, 'Sample Post Title 615', 'This is the body content for post 615. Lorem ipsum dolor sit amet, consectetur adipiscing elit.', 'sample-post-title-615', 1, 1, '2025-06-05 20:41:16', '2025-06-05 20:41:16', 0),
(619, 'Sample Post Title 616', 'This is the body content for post 616. Lorem ipsum dolor sit amet, consectetur adipiscing elit.', 'sample-post-title-616', 6, 2, '2025-06-05 20:41:16', '2025-06-05 20:41:16', 0),
(620, 'Sample Post Title 617', 'This is the body content for post 617. Lorem ipsum dolor sit amet, consectetur adipiscing elit.', 'sample-post-title-617', 1, 1, '2025-06-05 20:41:16', '2025-06-05 20:41:16', 0),
(621, 'Sample Post Title 618', 'This is the body content for post 618. Lorem ipsum dolor sit amet, consectetur adipiscing elit.', 'sample-post-title-618', 6, 12, '2025-06-05 20:41:16', '2025-06-05 20:41:16', 0),
(622, 'Sample Post Title 619', 'This is the body content for post 619. Lorem ipsum dolor sit amet, consectetur adipiscing elit.', 'sample-post-title-619', 6, 10, '2025-06-05 20:41:16', '2025-06-05 20:41:16', 0),
(623, 'Sample Post Title 620', 'This is the body content for post 620. Lorem ipsum dolor sit amet, consectetur adipiscing elit.', 'sample-post-title-620', 6, 1, '2025-06-05 20:41:16', '2025-06-05 20:41:16', 0),
(624, 'Sample Post Title 621', 'This is the body content for post 621. Lorem ipsum dolor sit amet, consectetur adipiscing elit.', 'sample-post-title-621', 6, 3, '2025-06-05 20:41:16', '2025-06-05 20:41:16', 0),
(625, 'Sample Post Title 622', 'This is the body content for post 622. Lorem ipsum dolor sit amet, consectetur adipiscing elit.', 'sample-post-title-622', 1, 2, '2025-06-05 20:41:16', '2025-06-05 20:41:16', 0),
(626, 'Sample Post Title 623', 'This is the body content for post 623. Lorem ipsum dolor sit amet, consectetur adipiscing elit.', 'sample-post-title-623', 4, 1, '2025-06-05 20:41:16', '2025-06-05 20:41:16', 0),
(627, 'Sample Post Title 624', 'This is the body content for post 624. Lorem ipsum dolor sit amet, consectetur adipiscing elit.', 'sample-post-title-624', 6, 12, '2025-06-05 20:41:16', '2025-06-05 20:41:16', 0),
(628, 'Sample Post Title 625', 'This is the body content for post 625. Lorem ipsum dolor sit amet, consectetur adipiscing elit.', 'sample-post-title-625', 3, 4, '2025-06-05 20:41:16', '2025-06-05 20:41:16', 0),
(629, 'Sample Post Title 626', 'This is the body content for post 626. Lorem ipsum dolor sit amet, consectetur adipiscing elit.', 'sample-post-title-626', 3, 6, '2025-06-05 20:41:16', '2025-06-05 20:41:16', 0),
(630, 'Sample Post Title 627', 'This is the body content for post 627. Lorem ipsum dolor sit amet, consectetur adipiscing elit.', 'sample-post-title-627', 3, 11, '2025-06-05 20:41:16', '2025-06-05 20:41:16', 0),
(631, 'Sample Post Title 628', 'This is the body content for post 628. Lorem ipsum dolor sit amet, consectetur adipiscing elit.', 'sample-post-title-628', 1, 10, '2025-06-05 20:41:16', '2025-06-05 20:41:16', 0),
(632, 'Sample Post Title 629', 'This is the body content for post 629. Lorem ipsum dolor sit amet, consectetur adipiscing elit.', 'sample-post-title-629', 1, 10, '2025-06-05 20:41:16', '2025-06-05 20:41:16', 0),
(633, 'Sample Post Title 630', 'This is the body content for post 630. Lorem ipsum dolor sit amet, consectetur adipiscing elit.', 'sample-post-title-630', 1, 2, '2025-06-05 20:41:16', '2025-06-05 20:41:16', 0),
(634, 'Sample Post Title 631', 'This is the body content for post 631. Lorem ipsum dolor sit amet, consectetur adipiscing elit.', 'sample-post-title-631', 5, 12, '2025-06-05 20:41:16', '2025-06-05 20:41:16', 0),
(635, 'Sample Post Title 632', 'This is the body content for post 632. Lorem ipsum dolor sit amet, consectetur adipiscing elit.', 'sample-post-title-632', 3, 12, '2025-06-05 20:41:16', '2025-06-05 20:41:16', 0),
(636, 'Sample Post Title 633', 'This is the body content for post 633. Lorem ipsum dolor sit amet, consectetur adipiscing elit.', 'sample-post-title-633', 6, 4, '2025-06-05 20:41:16', '2025-06-05 20:41:16', 0),
(637, 'Sample Post Title 634', 'This is the body content for post 634. Lorem ipsum dolor sit amet, consectetur adipiscing elit.', 'sample-post-title-634', 4, 5, '2025-06-05 20:41:16', '2025-06-05 20:41:16', 0),
(638, 'Sample Post Title 635', 'This is the body content for post 635. Lorem ipsum dolor sit amet, consectetur adipiscing elit.', 'sample-post-title-635', 4, 11, '2025-06-05 20:41:16', '2025-06-05 20:41:16', 0),
(639, 'Sample Post Title 636', 'This is the body content for post 636. Lorem ipsum dolor sit amet, consectetur adipiscing elit.', 'sample-post-title-636', 6, 12, '2025-06-05 20:41:16', '2025-06-05 20:41:16', 0),
(640, 'Sample Post Title 637', 'This is the body content for post 637. Lorem ipsum dolor sit amet, consectetur adipiscing elit.', 'sample-post-title-637', 1, 12, '2025-06-05 20:41:16', '2025-06-05 20:41:16', 0),
(641, 'Sample Post Title 638', 'This is the body content for post 638. Lorem ipsum dolor sit amet, consectetur adipiscing elit.', 'sample-post-title-638', 4, 11, '2025-06-05 20:41:17', '2025-06-05 20:41:17', 0),
(642, 'Sample Post Title 639', 'This is the body content for post 639. Lorem ipsum dolor sit amet, consectetur adipiscing elit.', 'sample-post-title-639', 4, 11, '2025-06-05 20:41:17', '2025-06-05 20:41:17', 0),
(643, 'Sample Post Title 640', 'This is the body content for post 640. Lorem ipsum dolor sit amet, consectetur adipiscing elit.', 'sample-post-title-640', 1, 10, '2025-06-05 20:41:17', '2025-06-05 20:41:17', 0),
(644, 'Sample Post Title 641', 'This is the body content for post 641. Lorem ipsum dolor sit amet, consectetur adipiscing elit.', 'sample-post-title-641', 6, 4, '2025-06-05 20:41:17', '2025-06-05 20:41:17', 0),
(645, 'Sample Post Title 642', 'This is the body content for post 642. Lorem ipsum dolor sit amet, consectetur adipiscing elit.', 'sample-post-title-642', 3, 4, '2025-06-05 20:41:17', '2025-06-05 20:41:17', 0),
(646, 'Sample Post Title 643', 'This is the body content for post 643. Lorem ipsum dolor sit amet, consectetur adipiscing elit.', 'sample-post-title-643', 1, 6, '2025-06-05 20:41:17', '2025-06-05 20:41:17', 0),
(647, 'Sample Post Title 644', 'This is the body content for post 644. Lorem ipsum dolor sit amet, consectetur adipiscing elit.', 'sample-post-title-644', 4, 3, '2025-06-05 20:41:17', '2025-06-05 20:41:17', 0),
(648, 'Sample Post Title 645', 'This is the body content for post 645. Lorem ipsum dolor sit amet, consectetur adipiscing elit.', 'sample-post-title-645', 5, 6, '2025-06-05 20:41:17', '2025-06-05 20:41:17', 0),
(649, 'Sample Post Title 646', 'This is the body content for post 646. Lorem ipsum dolor sit amet, consectetur adipiscing elit.', 'sample-post-title-646', 6, 10, '2025-06-05 20:41:17', '2025-06-05 20:41:17', 0),
(650, 'Sample Post Title 647', 'This is the body content for post 647. Lorem ipsum dolor sit amet, consectetur adipiscing elit.', 'sample-post-title-647', 6, 2, '2025-06-05 20:41:17', '2025-06-05 20:41:17', 0),
(651, 'Sample Post Title 648', 'This is the body content for post 648. Lorem ipsum dolor sit amet, consectetur adipiscing elit.', 'sample-post-title-648', 5, 4, '2025-06-05 20:41:17', '2025-06-05 20:41:17', 0),
(652, 'Sample Post Title 649', 'This is the body content for post 649. Lorem ipsum dolor sit amet, consectetur adipiscing elit.', 'sample-post-title-649', 1, 6, '2025-06-05 20:41:17', '2025-06-05 20:41:17', 0),
(653, 'Sample Post Title 650', 'This is the body content for post 650. Lorem ipsum dolor sit amet, consectetur adipiscing elit.', 'sample-post-title-650', 4, 6, '2025-06-05 20:41:17', '2025-06-05 20:41:17', 0),
(654, 'Sample Post Title 651', 'This is the body content for post 651. Lorem ipsum dolor sit amet, consectetur adipiscing elit.', 'sample-post-title-651', 4, 12, '2025-06-05 20:41:17', '2025-06-05 20:41:17', 0),
(655, 'Sample Post Title 652', 'This is the body content for post 652. Lorem ipsum dolor sit amet, consectetur adipiscing elit.', 'sample-post-title-652', 1, 5, '2025-06-05 20:41:17', '2025-06-05 20:41:17', 0),
(656, 'Sample Post Title 653', 'This is the body content for post 653. Lorem ipsum dolor sit amet, consectetur adipiscing elit.', 'sample-post-title-653', 1, 4, '2025-06-05 20:41:17', '2025-06-05 20:41:17', 0),
(657, 'Sample Post Title 654', 'This is the body content for post 654. Lorem ipsum dolor sit amet, consectetur adipiscing elit.', 'sample-post-title-654', 4, 11, '2025-06-05 20:41:17', '2025-06-05 20:41:17', 0),
(658, 'Sample Post Title 655', 'This is the body content for post 655. Lorem ipsum dolor sit amet, consectetur adipiscing elit.', 'sample-post-title-655', 5, 4, '2025-06-05 20:41:17', '2025-06-05 20:41:17', 0),
(659, 'Sample Post Title 656', 'This is the body content for post 656. Lorem ipsum dolor sit amet, consectetur adipiscing elit.', 'sample-post-title-656', 3, 6, '2025-06-05 20:41:17', '2025-06-05 20:41:17', 0),
(660, 'Sample Post Title 657', 'This is the body content for post 657. Lorem ipsum dolor sit amet, consectetur adipiscing elit.', 'sample-post-title-657', 3, 12, '2025-06-05 20:41:17', '2025-06-05 20:41:17', 0),
(661, 'Sample Post Title 658', 'This is the body content for post 658. Lorem ipsum dolor sit amet, consectetur adipiscing elit.', 'sample-post-title-658', 1, 3, '2025-06-05 20:41:17', '2025-06-05 20:41:17', 0),
(662, 'Sample Post Title 659', 'This is the body content for post 659. Lorem ipsum dolor sit amet, consectetur adipiscing elit.', 'sample-post-title-659', 1, 2, '2025-06-05 20:41:17', '2025-06-05 20:41:17', 0),
(663, 'Sample Post Title 660', 'This is the body content for post 660. Lorem ipsum dolor sit amet, consectetur adipiscing elit.', 'sample-post-title-660', 4, 10, '2025-06-05 20:41:17', '2025-06-05 20:41:17', 0),
(664, 'Sample Post Title 661', 'This is the body content for post 661. Lorem ipsum dolor sit amet, consectetur adipiscing elit.', 'sample-post-title-661', 1, 1, '2025-06-05 20:41:17', '2025-06-05 20:41:17', 0),
(665, 'Sample Post Title 662', 'This is the body content for post 662. Lorem ipsum dolor sit amet, consectetur adipiscing elit.', 'sample-post-title-662', 5, 4, '2025-06-05 20:41:17', '2025-06-05 20:41:17', 0),
(666, 'Sample Post Title 663', 'This is the body content for post 663. Lorem ipsum dolor sit amet, consectetur adipiscing elit.', 'sample-post-title-663', 1, 4, '2025-06-05 20:41:17', '2025-06-05 20:41:17', 0),
(667, 'Sample Post Title 664', 'This is the body content for post 664. Lorem ipsum dolor sit amet, consectetur adipiscing elit.', 'sample-post-title-664', 1, 11, '2025-06-05 20:41:17', '2025-06-05 20:41:17', 0),
(668, 'Sample Post Title 665', 'This is the body content for post 665. Lorem ipsum dolor sit amet, consectetur adipiscing elit.', 'sample-post-title-665', 3, 11, '2025-06-05 20:41:17', '2025-06-05 20:41:17', 0),
(669, 'Sample Post Title 666', 'This is the body content for post 666. Lorem ipsum dolor sit amet, consectetur adipiscing elit.', 'sample-post-title-666', 4, 4, '2025-06-05 20:41:17', '2025-06-05 20:41:17', 0),
(670, 'Sample Post Title 667', 'This is the body content for post 667. Lorem ipsum dolor sit amet, consectetur adipiscing elit.', 'sample-post-title-667', 1, 10, '2025-06-05 20:41:17', '2025-06-05 20:41:17', 0),
(671, 'Sample Post Title 668', 'This is the body content for post 668. Lorem ipsum dolor sit amet, consectetur adipiscing elit.', 'sample-post-title-668', 4, 4, '2025-06-05 20:41:17', '2025-06-05 20:41:17', 0),
(672, 'Sample Post Title 669', 'This is the body content for post 669. Lorem ipsum dolor sit amet, consectetur adipiscing elit.', 'sample-post-title-669', 5, 2, '2025-06-05 20:41:17', '2025-06-05 20:41:17', 0),
(673, 'Sample Post Title 670', 'This is the body content for post 670. Lorem ipsum dolor sit amet, consectetur adipiscing elit.', 'sample-post-title-670', 3, 4, '2025-06-05 20:41:17', '2025-06-05 20:41:17', 0),
(674, 'Sample Post Title 671', 'This is the body content for post 671. Lorem ipsum dolor sit amet, consectetur adipiscing elit.', 'sample-post-title-671', 5, 1, '2025-06-05 20:41:17', '2025-06-05 20:41:17', 0),
(675, 'Sample Post Title 672', 'This is the body content for post 672. Lorem ipsum dolor sit amet, consectetur adipiscing elit.', 'sample-post-title-672', 1, 2, '2025-06-05 20:41:17', '2025-06-05 20:41:17', 0),
(676, 'Sample Post Title 673', 'This is the body content for post 673. Lorem ipsum dolor sit amet, consectetur adipiscing elit.', 'sample-post-title-673', 3, 5, '2025-06-05 20:41:17', '2025-06-05 20:41:17', 0),
(677, 'Sample Post Title 674', 'This is the body content for post 674. Lorem ipsum dolor sit amet, consectetur adipiscing elit.', 'sample-post-title-674', 6, 2, '2025-06-05 20:41:17', '2025-06-05 20:41:17', 0),
(678, 'Sample Post Title 675', 'This is the body content for post 675. Lorem ipsum dolor sit amet, consectetur adipiscing elit.', 'sample-post-title-675', 4, 6, '2025-06-05 20:41:17', '2025-06-05 20:41:17', 0),
(679, 'Sample Post Title 676', 'This is the body content for post 676. Lorem ipsum dolor sit amet, consectetur adipiscing elit.', 'sample-post-title-676', 1, 6, '2025-06-05 20:41:17', '2025-06-05 20:41:17', 0),
(680, 'Sample Post Title 677', 'This is the body content for post 677. Lorem ipsum dolor sit amet, consectetur adipiscing elit.', 'sample-post-title-677', 3, 3, '2025-06-05 20:41:17', '2025-06-05 20:41:17', 0),
(681, 'Sample Post Title 678', 'This is the body content for post 678. Lorem ipsum dolor sit amet, consectetur adipiscing elit.', 'sample-post-title-678', 4, 2, '2025-06-05 20:41:17', '2025-06-05 20:41:17', 0),
(682, 'Sample Post Title 679', 'This is the body content for post 679. Lorem ipsum dolor sit amet, consectetur adipiscing elit.', 'sample-post-title-679', 3, 1, '2025-06-05 20:41:17', '2025-06-05 20:41:17', 0),
(683, 'Sample Post Title 680', 'This is the body content for post 680. Lorem ipsum dolor sit amet, consectetur adipiscing elit.', 'sample-post-title-680', 6, 10, '2025-06-05 20:41:17', '2025-06-05 20:41:17', 0),
(684, 'Sample Post Title 681', 'This is the body content for post 681. Lorem ipsum dolor sit amet, consectetur adipiscing elit.', 'sample-post-title-681', 1, 4, '2025-06-05 20:41:17', '2025-06-05 20:41:17', 0),
(685, 'Sample Post Title 682', 'This is the body content for post 682. Lorem ipsum dolor sit amet, consectetur adipiscing elit.', 'sample-post-title-682', 1, 11, '2025-06-05 20:41:17', '2025-06-05 20:41:17', 0),
(686, 'Sample Post Title 683', 'This is the body content for post 683. Lorem ipsum dolor sit amet, consectetur adipiscing elit.', 'sample-post-title-683', 3, 5, '2025-06-05 20:41:17', '2025-06-05 20:41:17', 0),
(687, 'Sample Post Title 684', 'This is the body content for post 684. Lorem ipsum dolor sit amet, consectetur adipiscing elit.', 'sample-post-title-684', 4, 4, '2025-06-05 20:41:17', '2025-06-05 20:41:17', 0),
(688, 'Sample Post Title 685', 'This is the body content for post 685. Lorem ipsum dolor sit amet, consectetur adipiscing elit.', 'sample-post-title-685', 3, 10, '2025-06-05 20:41:17', '2025-06-05 20:41:17', 0),
(689, 'Sample Post Title 686', 'This is the body content for post 686. Lorem ipsum dolor sit amet, consectetur adipiscing elit.', 'sample-post-title-686', 4, 6, '2025-06-05 20:41:17', '2025-06-05 20:41:17', 0),
(690, 'Sample Post Title 687', 'This is the body content for post 687. Lorem ipsum dolor sit amet, consectetur adipiscing elit.', 'sample-post-title-687', 6, 11, '2025-06-05 20:41:17', '2025-06-05 20:41:17', 0),
(691, 'Sample Post Title 688', 'This is the body content for post 688. Lorem ipsum dolor sit amet, consectetur adipiscing elit.', 'sample-post-title-688', 3, 12, '2025-06-05 20:41:17', '2025-06-05 20:41:17', 0),
(692, 'Sample Post Title 689', 'This is the body content for post 689. Lorem ipsum dolor sit amet, consectetur adipiscing elit.', 'sample-post-title-689', 6, 10, '2025-06-05 20:41:17', '2025-06-05 20:41:17', 0),
(693, 'Sample Post Title 690', 'This is the body content for post 690. Lorem ipsum dolor sit amet, consectetur adipiscing elit.', 'sample-post-title-690', 5, 10, '2025-06-05 20:41:17', '2025-06-05 20:41:17', 0),
(694, 'Sample Post Title 691', 'This is the body content for post 691. Lorem ipsum dolor sit amet, consectetur adipiscing elit.', 'sample-post-title-691', 6, 2, '2025-06-05 20:41:17', '2025-06-05 20:41:17', 0),
(695, 'Sample Post Title 692', 'This is the body content for post 692. Lorem ipsum dolor sit amet, consectetur adipiscing elit.', 'sample-post-title-692', 3, 1, '2025-06-05 20:41:17', '2025-06-05 20:41:17', 0),
(696, 'Sample Post Title 693', 'This is the body content for post 693. Lorem ipsum dolor sit amet, consectetur adipiscing elit.', 'sample-post-title-693', 6, 4, '2025-06-05 20:41:17', '2025-06-05 20:41:17', 0),
(697, 'Sample Post Title 694', 'This is the body content for post 694. Lorem ipsum dolor sit amet, consectetur adipiscing elit.', 'sample-post-title-694', 5, 3, '2025-06-05 20:41:17', '2025-06-05 20:41:17', 0),
(698, 'Sample Post Title 695', 'This is the body content for post 695. Lorem ipsum dolor sit amet, consectetur adipiscing elit.', 'sample-post-title-695', 6, 5, '2025-06-05 20:41:17', '2025-06-05 20:41:17', 0),
(699, 'Sample Post Title 696', 'This is the body content for post 696. Lorem ipsum dolor sit amet, consectetur adipiscing elit.', 'sample-post-title-696', 3, 6, '2025-06-05 20:41:17', '2025-06-05 20:41:17', 0),
(700, 'Sample Post Title 697', 'This is the body content for post 697. Lorem ipsum dolor sit amet, consectetur adipiscing elit.', 'sample-post-title-697', 4, 10, '2025-06-05 20:41:17', '2025-06-05 20:41:17', 0),
(701, 'Sample Post Title 698', 'This is the body content for post 698. Lorem ipsum dolor sit amet, consectetur adipiscing elit.', 'sample-post-title-698', 1, 3, '2025-06-05 20:41:17', '2025-06-05 20:41:17', 0),
(702, 'Sample Post Title 699', 'This is the body content for post 699. Lorem ipsum dolor sit amet, consectetur adipiscing elit.', 'sample-post-title-699', 1, 5, '2025-06-05 20:41:17', '2025-06-05 20:41:17', 0),
(703, 'Sample Post Title 700', 'This is the body content for post 700. Lorem ipsum dolor sit amet, consectetur adipiscing elit.', 'sample-post-title-700', 4, 2, '2025-06-05 20:41:17', '2025-06-05 20:41:17', 0),
(704, 'Sample Post Title 701', 'This is the body content for post 701. Lorem ipsum dolor sit amet, consectetur adipiscing elit.', 'sample-post-title-701', 1, 10, '2025-06-05 20:41:17', '2025-06-05 20:41:17', 0),
(705, 'Sample Post Title 702', 'This is the body content for post 702. Lorem ipsum dolor sit amet, consectetur adipiscing elit.', 'sample-post-title-702', 4, 11, '2025-06-05 20:41:17', '2025-06-05 20:41:17', 0),
(706, 'Sample Post Title 703', 'This is the body content for post 703. Lorem ipsum dolor sit amet, consectetur adipiscing elit.', 'sample-post-title-703', 1, 1, '2025-06-05 20:41:17', '2025-06-05 20:41:17', 0),
(707, 'Sample Post Title 704', 'This is the body content for post 704. Lorem ipsum dolor sit amet, consectetur adipiscing elit.', 'sample-post-title-704', 3, 6, '2025-06-05 20:41:17', '2025-06-05 20:41:17', 0),
(708, 'Sample Post Title 705', 'This is the body content for post 705. Lorem ipsum dolor sit amet, consectetur adipiscing elit.', 'sample-post-title-705', 4, 2, '2025-06-05 20:41:17', '2025-06-05 20:41:17', 0),
(709, 'Sample Post Title 706', 'This is the body content for post 706. Lorem ipsum dolor sit amet, consectetur adipiscing elit.', 'sample-post-title-706', 1, 1, '2025-06-05 20:41:17', '2025-06-05 20:41:17', 0),
(710, 'Sample Post Title 707', 'This is the body content for post 707. Lorem ipsum dolor sit amet, consectetur adipiscing elit.', 'sample-post-title-707', 4, 2, '2025-06-05 20:41:17', '2025-06-05 20:41:17', 0),
(711, 'Sample Post Title 708', 'This is the body content for post 708. Lorem ipsum dolor sit amet, consectetur adipiscing elit.', 'sample-post-title-708', 5, 4, '2025-06-05 20:41:17', '2025-06-05 20:41:17', 0),
(712, 'Sample Post Title 709', 'This is the body content for post 709. Lorem ipsum dolor sit amet, consectetur adipiscing elit.', 'sample-post-title-709', 5, 1, '2025-06-05 20:41:17', '2025-06-05 20:41:17', 0),
(713, 'Sample Post Title 710', 'This is the body content for post 710. Lorem ipsum dolor sit amet, consectetur adipiscing elit.', 'sample-post-title-710', 1, 1, '2025-06-05 20:41:17', '2025-06-05 20:41:17', 0),
(714, 'Sample Post Title 711', 'This is the body content for post 711. Lorem ipsum dolor sit amet, consectetur adipiscing elit.', 'sample-post-title-711', 3, 3, '2025-06-05 20:41:17', '2025-06-05 20:41:17', 0),
(715, 'Sample Post Title 712', 'This is the body content for post 712. Lorem ipsum dolor sit amet, consectetur adipiscing elit.', 'sample-post-title-712', 5, 1, '2025-06-05 20:41:17', '2025-06-05 20:41:17', 0),
(716, 'Sample Post Title 713', 'This is the body content for post 713. Lorem ipsum dolor sit amet, consectetur adipiscing elit.', 'sample-post-title-713', 6, 1, '2025-06-05 20:41:17', '2025-06-05 20:41:17', 0),
(717, 'Sample Post Title 714', 'This is the body content for post 714. Lorem ipsum dolor sit amet, consectetur adipiscing elit.', 'sample-post-title-714', 6, 2, '2025-06-05 20:41:17', '2025-06-05 20:41:17', 0),
(718, 'Sample Post Title 715', 'This is the body content for post 715. Lorem ipsum dolor sit amet, consectetur adipiscing elit.', 'sample-post-title-715', 3, 5, '2025-06-05 20:41:17', '2025-06-05 20:41:17', 0);
INSERT INTO `posts` (`id`, `title`, `body`, `slug`, `category_id`, `author_id`, `created_at`, `updated_at`, `status`) VALUES
(719, 'Sample Post Title 716', 'This is the body content for post 716. Lorem ipsum dolor sit amet, consectetur adipiscing elit.', 'sample-post-title-716', 6, 1, '2025-06-05 20:41:17', '2025-06-05 20:41:17', 0),
(720, 'Sample Post Title 717', 'This is the body content for post 717. Lorem ipsum dolor sit amet, consectetur adipiscing elit.', 'sample-post-title-717', 1, 6, '2025-06-05 20:41:17', '2025-06-05 20:41:17', 0),
(721, 'Sample Post Title 718', 'This is the body content for post 718. Lorem ipsum dolor sit amet, consectetur adipiscing elit.', 'sample-post-title-718', 5, 11, '2025-06-05 20:41:17', '2025-06-05 20:41:17', 0),
(722, 'Sample Post Title 719', 'This is the body content for post 719. Lorem ipsum dolor sit amet, consectetur adipiscing elit.', 'sample-post-title-719', 1, 1, '2025-06-05 20:41:17', '2025-06-05 20:41:17', 0),
(723, 'Sample Post Title 720', 'This is the body content for post 720. Lorem ipsum dolor sit amet, consectetur adipiscing elit.', 'sample-post-title-720', 4, 2, '2025-06-05 20:41:17', '2025-06-05 20:41:17', 0),
(724, 'Sample Post Title 721', 'This is the body content for post 721. Lorem ipsum dolor sit amet, consectetur adipiscing elit.', 'sample-post-title-721', 1, 1, '2025-06-05 20:41:17', '2025-06-05 20:41:17', 0),
(725, 'Sample Post Title 722', 'This is the body content for post 722. Lorem ipsum dolor sit amet, consectetur adipiscing elit.', 'sample-post-title-722', 3, 2, '2025-06-05 20:41:17', '2025-06-05 20:41:17', 0),
(726, 'Sample Post Title 723', 'This is the body content for post 723. Lorem ipsum dolor sit amet, consectetur adipiscing elit.', 'sample-post-title-723', 4, 1, '2025-06-05 20:41:17', '2025-06-05 20:41:17', 0),
(727, 'Sample Post Title 724', 'This is the body content for post 724. Lorem ipsum dolor sit amet, consectetur adipiscing elit.', 'sample-post-title-724', 1, 1, '2025-06-05 20:41:17', '2025-06-05 20:41:17', 0),
(728, 'Sample Post Title 725', 'This is the body content for post 725. Lorem ipsum dolor sit amet, consectetur adipiscing elit.', 'sample-post-title-725', 6, 10, '2025-06-05 20:41:17', '2025-06-05 20:41:17', 0),
(729, 'Sample Post Title 726', 'This is the body content for post 726. Lorem ipsum dolor sit amet, consectetur adipiscing elit.', 'sample-post-title-726', 4, 6, '2025-06-05 20:41:17', '2025-06-05 20:41:17', 0),
(730, 'Sample Post Title 727', 'This is the body content for post 727. Lorem ipsum dolor sit amet, consectetur adipiscing elit.', 'sample-post-title-727', 3, 4, '2025-06-05 20:41:17', '2025-06-05 20:41:17', 0),
(731, 'Sample Post Title 728', 'This is the body content for post 728. Lorem ipsum dolor sit amet, consectetur adipiscing elit.', 'sample-post-title-728', 5, 10, '2025-06-05 20:41:17', '2025-06-05 20:41:17', 0),
(732, 'Sample Post Title 729', 'This is the body content for post 729. Lorem ipsum dolor sit amet, consectetur adipiscing elit.', 'sample-post-title-729', 3, 4, '2025-06-05 20:41:17', '2025-06-05 20:41:17', 0),
(733, 'Sample Post Title 730', 'This is the body content for post 730. Lorem ipsum dolor sit amet, consectetur adipiscing elit.', 'sample-post-title-730', 3, 1, '2025-06-05 20:41:17', '2025-06-05 20:41:17', 0),
(734, 'Sample Post Title 731', 'This is the body content for post 731. Lorem ipsum dolor sit amet, consectetur adipiscing elit.', 'sample-post-title-731', 4, 6, '2025-06-05 20:41:17', '2025-06-05 20:41:17', 0),
(735, 'Sample Post Title 732', 'This is the body content for post 732. Lorem ipsum dolor sit amet, consectetur adipiscing elit.', 'sample-post-title-732', 4, 11, '2025-06-05 20:41:17', '2025-06-05 20:41:17', 0),
(736, 'Sample Post Title 733', 'This is the body content for post 733. Lorem ipsum dolor sit amet, consectetur adipiscing elit.', 'sample-post-title-733', 1, 10, '2025-06-05 20:41:17', '2025-06-05 20:41:17', 0),
(737, 'Sample Post Title 734', 'This is the body content for post 734. Lorem ipsum dolor sit amet, consectetur adipiscing elit.', 'sample-post-title-734', 1, 6, '2025-06-05 20:41:17', '2025-06-05 20:41:17', 0),
(738, 'Sample Post Title 735', 'This is the body content for post 735. Lorem ipsum dolor sit amet, consectetur adipiscing elit.', 'sample-post-title-735', 3, 5, '2025-06-05 20:41:17', '2025-06-05 20:41:17', 0),
(739, 'Sample Post Title 736', 'This is the body content for post 736. Lorem ipsum dolor sit amet, consectetur adipiscing elit.', 'sample-post-title-736', 3, 6, '2025-06-05 20:41:17', '2025-06-05 20:41:17', 0),
(740, 'Sample Post Title 737', 'This is the body content for post 737. Lorem ipsum dolor sit amet, consectetur adipiscing elit.', 'sample-post-title-737', 5, 10, '2025-06-05 20:41:17', '2025-06-05 20:41:17', 0),
(741, 'Sample Post Title 738', 'This is the body content for post 738. Lorem ipsum dolor sit amet, consectetur adipiscing elit.', 'sample-post-title-738', 6, 10, '2025-06-05 20:41:17', '2025-06-05 20:41:17', 0),
(742, 'Sample Post Title 739', 'This is the body content for post 739. Lorem ipsum dolor sit amet, consectetur adipiscing elit.', 'sample-post-title-739', 1, 1, '2025-06-05 20:41:17', '2025-06-05 20:41:17', 0),
(743, 'Sample Post Title 740', 'This is the body content for post 740. Lorem ipsum dolor sit amet, consectetur adipiscing elit.', 'sample-post-title-740', 4, 2, '2025-06-05 20:41:17', '2025-06-05 20:41:17', 0),
(744, 'Sample Post Title 741', 'This is the body content for post 741. Lorem ipsum dolor sit amet, consectetur adipiscing elit.', 'sample-post-title-741', 3, 2, '2025-06-05 20:41:17', '2025-06-05 20:41:17', 0),
(745, 'Sample Post Title 742', 'This is the body content for post 742. Lorem ipsum dolor sit amet, consectetur adipiscing elit.', 'sample-post-title-742', 4, 2, '2025-06-05 20:41:17', '2025-06-05 20:41:17', 0),
(746, 'Sample Post Title 743', 'This is the body content for post 743. Lorem ipsum dolor sit amet, consectetur adipiscing elit.', 'sample-post-title-743', 5, 1, '2025-06-05 20:41:17', '2025-06-05 20:41:17', 0),
(747, 'Sample Post Title 744', 'This is the body content for post 744. Lorem ipsum dolor sit amet, consectetur adipiscing elit.', 'sample-post-title-744', 6, 10, '2025-06-05 20:41:17', '2025-06-05 20:41:17', 0),
(748, 'Sample Post Title 745', 'This is the body content for post 745. Lorem ipsum dolor sit amet, consectetur adipiscing elit.', 'sample-post-title-745', 5, 4, '2025-06-05 20:41:17', '2025-06-05 20:41:17', 0),
(749, 'Sample Post Title 746', 'This is the body content for post 746. Lorem ipsum dolor sit amet, consectetur adipiscing elit.', 'sample-post-title-746', 4, 2, '2025-06-05 20:41:17', '2025-06-05 20:41:17', 0),
(750, 'Sample Post Title 747', 'This is the body content for post 747. Lorem ipsum dolor sit amet, consectetur adipiscing elit.', 'sample-post-title-747', 4, 5, '2025-06-05 20:41:17', '2025-06-05 20:41:17', 0),
(751, 'Sample Post Title 748', 'This is the body content for post 748. Lorem ipsum dolor sit amet, consectetur adipiscing elit.', 'sample-post-title-748', 5, 6, '2025-06-05 20:41:17', '2025-06-05 20:41:17', 0),
(752, 'Sample Post Title 749', 'This is the body content for post 749. Lorem ipsum dolor sit amet, consectetur adipiscing elit.', 'sample-post-title-749', 4, 4, '2025-06-05 20:41:17', '2025-06-05 20:41:17', 0),
(753, 'Sample Post Title 750', 'This is the body content for post 750. Lorem ipsum dolor sit amet, consectetur adipiscing elit.', 'sample-post-title-750', 4, 5, '2025-06-05 20:41:17', '2025-06-05 20:41:17', 0),
(754, 'Sample Post Title 751', 'This is the body content for post 751. Lorem ipsum dolor sit amet, consectetur adipiscing elit.', 'sample-post-title-751', 6, 5, '2025-06-05 20:41:17', '2025-06-05 20:41:17', 0),
(755, 'Sample Post Title 752', 'This is the body content for post 752. Lorem ipsum dolor sit amet, consectetur adipiscing elit.', 'sample-post-title-752', 6, 2, '2025-06-05 20:41:17', '2025-06-05 20:41:17', 0),
(756, 'Sample Post Title 753', 'This is the body content for post 753. Lorem ipsum dolor sit amet, consectetur adipiscing elit.', 'sample-post-title-753', 1, 1, '2025-06-05 20:41:17', '2025-06-05 20:41:17', 0),
(757, 'Sample Post Title 754', 'This is the body content for post 754. Lorem ipsum dolor sit amet, consectetur adipiscing elit.', 'sample-post-title-754', 3, 12, '2025-06-05 20:41:17', '2025-06-05 20:41:17', 0),
(758, 'Sample Post Title 755', 'This is the body content for post 755. Lorem ipsum dolor sit amet, consectetur adipiscing elit.', 'sample-post-title-755', 1, 6, '2025-06-05 20:41:17', '2025-06-05 20:41:17', 0),
(759, 'Sample Post Title 756', 'This is the body content for post 756. Lorem ipsum dolor sit amet, consectetur adipiscing elit.', 'sample-post-title-756', 5, 1, '2025-06-05 20:41:17', '2025-06-05 20:41:17', 0),
(760, 'Sample Post Title 757', 'This is the body content for post 757. Lorem ipsum dolor sit amet, consectetur adipiscing elit.', 'sample-post-title-757', 5, 1, '2025-06-05 20:41:17', '2025-06-05 20:41:17', 0),
(761, 'Sample Post Title 758', 'This is the body content for post 758. Lorem ipsum dolor sit amet, consectetur adipiscing elit.', 'sample-post-title-758', 6, 12, '2025-06-05 20:41:17', '2025-06-05 20:41:17', 0),
(762, 'Sample Post Title 759', 'This is the body content for post 759. Lorem ipsum dolor sit amet, consectetur adipiscing elit.', 'sample-post-title-759', 3, 3, '2025-06-05 20:41:17', '2025-06-05 20:41:17', 0),
(763, 'Sample Post Title 760', 'This is the body content for post 760. Lorem ipsum dolor sit amet, consectetur adipiscing elit.', 'sample-post-title-760', 6, 2, '2025-06-05 20:41:17', '2025-06-05 20:41:17', 0),
(764, 'Sample Post Title 761', 'This is the body content for post 761. Lorem ipsum dolor sit amet, consectetur adipiscing elit.', 'sample-post-title-761', 4, 1, '2025-06-05 20:41:17', '2025-06-05 20:41:17', 0),
(765, 'Sample Post Title 762', 'This is the body content for post 762. Lorem ipsum dolor sit amet, consectetur adipiscing elit.', 'sample-post-title-762', 3, 1, '2025-06-05 20:41:17', '2025-06-05 20:41:17', 0),
(766, 'Sample Post Title 763', 'This is the body content for post 763. Lorem ipsum dolor sit amet, consectetur adipiscing elit.', 'sample-post-title-763', 1, 1, '2025-06-05 20:41:17', '2025-06-05 20:41:17', 0),
(767, 'Sample Post Title 764', 'This is the body content for post 764. Lorem ipsum dolor sit amet, consectetur adipiscing elit.', 'sample-post-title-764', 3, 3, '2025-06-05 20:41:17', '2025-06-05 20:41:17', 0),
(768, 'Sample Post Title 765', 'This is the body content for post 765. Lorem ipsum dolor sit amet, consectetur adipiscing elit.', 'sample-post-title-765', 6, 11, '2025-06-05 20:41:17', '2025-06-05 20:41:17', 0),
(769, 'Sample Post Title 766', 'This is the body content for post 766. Lorem ipsum dolor sit amet, consectetur adipiscing elit.', 'sample-post-title-766', 1, 2, '2025-06-05 20:41:17', '2025-06-05 20:41:17', 0),
(770, 'Sample Post Title 767', 'This is the body content for post 767. Lorem ipsum dolor sit amet, consectetur adipiscing elit.', 'sample-post-title-767', 4, 2, '2025-06-05 20:41:17', '2025-06-05 20:41:17', 0),
(771, 'Sample Post Title 768', 'This is the body content for post 768. Lorem ipsum dolor sit amet, consectetur adipiscing elit.', 'sample-post-title-768', 3, 1, '2025-06-05 20:41:17', '2025-06-05 20:41:17', 0),
(772, 'Sample Post Title 769', 'This is the body content for post 769. Lorem ipsum dolor sit amet, consectetur adipiscing elit.', 'sample-post-title-769', 6, 11, '2025-06-05 20:41:17', '2025-06-05 20:41:17', 0),
(773, 'Sample Post Title 770', 'This is the body content for post 770. Lorem ipsum dolor sit amet, consectetur adipiscing elit.', 'sample-post-title-770', 5, 10, '2025-06-05 20:41:17', '2025-06-05 20:41:17', 0),
(774, 'Sample Post Title 771', 'This is the body content for post 771. Lorem ipsum dolor sit amet, consectetur adipiscing elit.', 'sample-post-title-771', 5, 4, '2025-06-05 20:41:17', '2025-06-05 20:41:17', 0),
(775, 'Sample Post Title 772', 'This is the body content for post 772. Lorem ipsum dolor sit amet, consectetur adipiscing elit.', 'sample-post-title-772', 4, 12, '2025-06-05 20:41:17', '2025-06-05 20:41:17', 0),
(776, 'Sample Post Title 773', 'This is the body content for post 773. Lorem ipsum dolor sit amet, consectetur adipiscing elit.', 'sample-post-title-773', 5, 5, '2025-06-05 20:41:17', '2025-06-05 20:41:17', 0),
(777, 'Sample Post Title 774', 'This is the body content for post 774. Lorem ipsum dolor sit amet, consectetur adipiscing elit.', 'sample-post-title-774', 4, 1, '2025-06-05 20:41:17', '2025-06-05 20:41:17', 0),
(778, 'Sample Post Title 775', 'This is the body content for post 775. Lorem ipsum dolor sit amet, consectetur adipiscing elit.', 'sample-post-title-775', 5, 3, '2025-06-05 20:41:17', '2025-06-05 20:41:17', 0),
(779, 'Sample Post Title 776', 'This is the body content for post 776. Lorem ipsum dolor sit amet, consectetur adipiscing elit.', 'sample-post-title-776', 4, 2, '2025-06-05 20:41:17', '2025-06-05 20:41:17', 0),
(780, 'Sample Post Title 777', 'This is the body content for post 777. Lorem ipsum dolor sit amet, consectetur adipiscing elit.', 'sample-post-title-777', 4, 10, '2025-06-05 20:41:17', '2025-06-05 20:41:17', 0),
(781, 'Sample Post Title 778', 'This is the body content for post 778. Lorem ipsum dolor sit amet, consectetur adipiscing elit.', 'sample-post-title-778', 5, 2, '2025-06-05 20:41:17', '2025-06-05 20:41:17', 0),
(782, 'Sample Post Title 779', 'This is the body content for post 779. Lorem ipsum dolor sit amet, consectetur adipiscing elit.', 'sample-post-title-779', 5, 6, '2025-06-05 20:41:17', '2025-06-05 20:41:17', 0),
(783, 'Sample Post Title 780', 'This is the body content for post 780. Lorem ipsum dolor sit amet, consectetur adipiscing elit.', 'sample-post-title-780', 4, 2, '2025-06-05 20:41:17', '2025-06-05 20:41:17', 0),
(784, 'Sample Post Title 781', 'This is the body content for post 781. Lorem ipsum dolor sit amet, consectetur adipiscing elit.', 'sample-post-title-781', 5, 11, '2025-06-05 20:41:17', '2025-06-05 20:41:17', 0),
(785, 'Sample Post Title 782', 'This is the body content for post 782. Lorem ipsum dolor sit amet, consectetur adipiscing elit.', 'sample-post-title-782', 5, 3, '2025-06-05 20:41:17', '2025-06-05 20:41:17', 0),
(786, 'Sample Post Title 783', 'This is the body content for post 783. Lorem ipsum dolor sit amet, consectetur adipiscing elit.', 'sample-post-title-783', 4, 10, '2025-06-05 20:41:17', '2025-06-05 20:41:17', 0),
(787, 'Sample Post Title 784', 'This is the body content for post 784. Lorem ipsum dolor sit amet, consectetur adipiscing elit.', 'sample-post-title-784', 6, 4, '2025-06-05 20:41:17', '2025-06-05 20:41:17', 0),
(788, 'Sample Post Title 785', 'This is the body content for post 785. Lorem ipsum dolor sit amet, consectetur adipiscing elit.', 'sample-post-title-785', 4, 6, '2025-06-05 20:41:17', '2025-06-05 20:41:17', 0),
(789, 'Sample Post Title 786', 'This is the body content for post 786. Lorem ipsum dolor sit amet, consectetur adipiscing elit.', 'sample-post-title-786', 1, 4, '2025-06-05 20:41:17', '2025-06-05 20:41:17', 0),
(790, 'Sample Post Title 787', 'This is the body content for post 787. Lorem ipsum dolor sit amet, consectetur adipiscing elit.', 'sample-post-title-787', 4, 11, '2025-06-05 20:41:17', '2025-06-05 20:41:17', 0),
(791, 'Sample Post Title 788', 'This is the body content for post 788. Lorem ipsum dolor sit amet, consectetur adipiscing elit.', 'sample-post-title-788', 1, 5, '2025-06-05 20:41:17', '2025-06-05 20:41:17', 0),
(792, 'Sample Post Title 789', 'This is the body content for post 789. Lorem ipsum dolor sit amet, consectetur adipiscing elit.', 'sample-post-title-789', 3, 5, '2025-06-05 20:41:17', '2025-06-05 20:41:17', 0),
(793, 'Sample Post Title 790', 'This is the body content for post 790. Lorem ipsum dolor sit amet, consectetur adipiscing elit.', 'sample-post-title-790', 4, 10, '2025-06-05 20:41:17', '2025-06-05 20:41:17', 0),
(794, 'Sample Post Title 791', 'This is the body content for post 791. Lorem ipsum dolor sit amet, consectetur adipiscing elit.', 'sample-post-title-791', 5, 11, '2025-06-05 20:41:17', '2025-06-05 20:41:17', 0),
(795, 'Sample Post Title 792', 'This is the body content for post 792. Lorem ipsum dolor sit amet, consectetur adipiscing elit.', 'sample-post-title-792', 1, 1, '2025-06-05 20:41:17', '2025-06-05 20:41:17', 0),
(796, 'Sample Post Title 793', 'This is the body content for post 793. Lorem ipsum dolor sit amet, consectetur adipiscing elit.', 'sample-post-title-793', 4, 10, '2025-06-05 20:41:17', '2025-06-05 20:41:17', 0),
(797, 'Sample Post Title 794', 'This is the body content for post 794. Lorem ipsum dolor sit amet, consectetur adipiscing elit.', 'sample-post-title-794', 1, 3, '2025-06-05 20:41:17', '2025-06-05 20:41:17', 0),
(798, 'Sample Post Title 795', 'This is the body content for post 795. Lorem ipsum dolor sit amet, consectetur adipiscing elit.', 'sample-post-title-795', 1, 4, '2025-06-05 20:41:17', '2025-06-05 20:41:17', 0),
(799, 'Sample Post Title 796', 'This is the body content for post 796. Lorem ipsum dolor sit amet, consectetur adipiscing elit.', 'sample-post-title-796', 5, 10, '2025-06-05 20:41:17', '2025-06-05 20:41:17', 0),
(800, 'Sample Post Title 797', 'This is the body content for post 797. Lorem ipsum dolor sit amet, consectetur adipiscing elit.', 'sample-post-title-797', 1, 2, '2025-06-05 20:41:17', '2025-06-05 20:41:17', 0),
(801, 'Sample Post Title 798', 'This is the body content for post 798. Lorem ipsum dolor sit amet, consectetur adipiscing elit.', 'sample-post-title-798', 5, 3, '2025-06-05 20:41:17', '2025-06-05 20:41:17', 0),
(802, 'Sample Post Title 799', 'This is the body content for post 799. Lorem ipsum dolor sit amet, consectetur adipiscing elit.', 'sample-post-title-799', 1, 6, '2025-06-05 20:41:17', '2025-06-05 20:41:17', 0),
(803, 'Sample Post Title 800', 'This is the body content for post 800. Lorem ipsum dolor sit amet, consectetur adipiscing elit.', 'sample-post-title-800', 4, 10, '2025-06-05 20:41:17', '2025-06-05 20:41:17', 0),
(804, 'Sample Post Title 801', 'This is the body content for post 801. Lorem ipsum dolor sit amet, consectetur adipiscing elit.', 'sample-post-title-801', 1, 2, '2025-06-05 20:41:17', '2025-06-05 20:41:17', 0),
(805, 'Sample Post Title 802', 'This is the body content for post 802. Lorem ipsum dolor sit amet, consectetur adipiscing elit.', 'sample-post-title-802', 5, 11, '2025-06-05 20:41:17', '2025-06-05 20:41:17', 0),
(806, 'Sample Post Title 803', 'This is the body content for post 803. Lorem ipsum dolor sit amet, consectetur adipiscing elit.', 'sample-post-title-803', 1, 1, '2025-06-05 20:41:17', '2025-06-05 20:41:17', 0),
(807, 'Sample Post Title 804', 'This is the body content for post 804. Lorem ipsum dolor sit amet, consectetur adipiscing elit.', 'sample-post-title-804', 5, 3, '2025-06-05 20:41:17', '2025-06-05 20:41:17', 0),
(808, 'Sample Post Title 805', 'This is the body content for post 805. Lorem ipsum dolor sit amet, consectetur adipiscing elit.', 'sample-post-title-805', 3, 5, '2025-06-05 20:41:17', '2025-06-05 20:41:17', 0),
(809, 'Sample Post Title 806', 'This is the body content for post 806. Lorem ipsum dolor sit amet, consectetur adipiscing elit.', 'sample-post-title-806', 6, 11, '2025-06-05 20:41:17', '2025-06-05 20:41:17', 0),
(810, 'Sample Post Title 807', 'This is the body content for post 807. Lorem ipsum dolor sit amet, consectetur adipiscing elit.', 'sample-post-title-807', 6, 3, '2025-06-05 20:41:17', '2025-06-05 20:41:17', 0),
(811, 'Sample Post Title 808', 'This is the body content for post 808. Lorem ipsum dolor sit amet, consectetur adipiscing elit.', 'sample-post-title-808', 3, 2, '2025-06-05 20:41:17', '2025-06-05 20:41:17', 0),
(812, 'Sample Post Title 809', 'This is the body content for post 809. Lorem ipsum dolor sit amet, consectetur adipiscing elit.', 'sample-post-title-809', 1, 3, '2025-06-05 20:41:17', '2025-06-05 20:41:17', 0),
(813, 'Sample Post Title 810', 'This is the body content for post 810. Lorem ipsum dolor sit amet, consectetur adipiscing elit.', 'sample-post-title-810', 4, 3, '2025-06-05 20:41:17', '2025-06-05 20:41:17', 0),
(814, 'Sample Post Title 811', 'This is the body content for post 811. Lorem ipsum dolor sit amet, consectetur adipiscing elit.', 'sample-post-title-811', 3, 6, '2025-06-05 20:41:17', '2025-06-05 20:41:17', 0),
(815, 'Sample Post Title 812', 'This is the body content for post 812. Lorem ipsum dolor sit amet, consectetur adipiscing elit.', 'sample-post-title-812', 1, 3, '2025-06-05 20:41:17', '2025-06-05 20:41:17', 0),
(816, 'Sample Post Title 813', 'This is the body content for post 813. Lorem ipsum dolor sit amet, consectetur adipiscing elit.', 'sample-post-title-813', 6, 4, '2025-06-05 20:41:17', '2025-06-05 20:41:17', 0),
(817, 'Sample Post Title 814', 'This is the body content for post 814. Lorem ipsum dolor sit amet, consectetur adipiscing elit.', 'sample-post-title-814', 6, 10, '2025-06-05 20:41:17', '2025-06-05 20:41:17', 0),
(818, 'Sample Post Title 815', 'This is the body content for post 815. Lorem ipsum dolor sit amet, consectetur adipiscing elit.', 'sample-post-title-815', 5, 3, '2025-06-05 20:41:17', '2025-06-05 20:41:17', 0),
(819, 'Sample Post Title 816', 'This is the body content for post 816. Lorem ipsum dolor sit amet, consectetur adipiscing elit.', 'sample-post-title-816', 1, 5, '2025-06-05 20:41:17', '2025-06-05 20:41:17', 0),
(820, 'Sample Post Title 817', 'This is the body content for post 817. Lorem ipsum dolor sit amet, consectetur adipiscing elit.', 'sample-post-title-817', 4, 6, '2025-06-05 20:41:17', '2025-06-05 20:41:17', 0),
(821, 'Sample Post Title 818', 'This is the body content for post 818. Lorem ipsum dolor sit amet, consectetur adipiscing elit.', 'sample-post-title-818', 3, 2, '2025-06-05 20:41:17', '2025-06-05 20:41:17', 0),
(822, 'Sample Post Title 819', 'This is the body content for post 819. Lorem ipsum dolor sit amet, consectetur adipiscing elit.', 'sample-post-title-819', 6, 6, '2025-06-05 20:41:17', '2025-06-05 20:41:17', 0),
(823, 'Sample Post Title 820', 'This is the body content for post 820. Lorem ipsum dolor sit amet, consectetur adipiscing elit.', 'sample-post-title-820', 3, 12, '2025-06-05 20:41:17', '2025-06-05 20:41:17', 0),
(824, 'Sample Post Title 821', 'This is the body content for post 821. Lorem ipsum dolor sit amet, consectetur adipiscing elit.', 'sample-post-title-821', 3, 5, '2025-06-05 20:41:17', '2025-06-05 20:41:17', 0),
(825, 'Sample Post Title 822', 'This is the body content for post 822. Lorem ipsum dolor sit amet, consectetur adipiscing elit.', 'sample-post-title-822', 3, 12, '2025-06-05 20:41:17', '2025-06-05 20:41:17', 0),
(826, 'Sample Post Title 823', 'This is the body content for post 823. Lorem ipsum dolor sit amet, consectetur adipiscing elit.', 'sample-post-title-823', 4, 6, '2025-06-05 20:41:17', '2025-06-05 20:41:17', 0),
(827, 'Sample Post Title 824', 'This is the body content for post 824. Lorem ipsum dolor sit amet, consectetur adipiscing elit.', 'sample-post-title-824', 5, 6, '2025-06-05 20:41:17', '2025-06-05 20:41:17', 0),
(828, 'Sample Post Title 825', 'This is the body content for post 825. Lorem ipsum dolor sit amet, consectetur adipiscing elit.', 'sample-post-title-825', 4, 3, '2025-06-05 20:41:17', '2025-06-05 20:41:17', 0),
(829, 'Sample Post Title 826', 'This is the body content for post 826. Lorem ipsum dolor sit amet, consectetur adipiscing elit.', 'sample-post-title-826', 5, 2, '2025-06-05 20:41:17', '2025-06-05 20:41:17', 0),
(830, 'Sample Post Title 827', 'This is the body content for post 827. Lorem ipsum dolor sit amet, consectetur adipiscing elit.', 'sample-post-title-827', 3, 12, '2025-06-05 20:41:17', '2025-06-05 20:41:17', 0),
(831, 'Sample Post Title 828', 'This is the body content for post 828. Lorem ipsum dolor sit amet, consectetur adipiscing elit.', 'sample-post-title-828', 5, 6, '2025-06-05 20:41:17', '2025-06-05 20:41:17', 0),
(832, 'Sample Post Title 829', 'This is the body content for post 829. Lorem ipsum dolor sit amet, consectetur adipiscing elit.', 'sample-post-title-829', 3, 12, '2025-06-05 20:41:17', '2025-06-05 20:41:17', 0),
(833, 'Sample Post Title 830', 'This is the body content for post 830. Lorem ipsum dolor sit amet, consectetur adipiscing elit.', 'sample-post-title-830', 3, 3, '2025-06-05 20:41:17', '2025-06-05 20:41:17', 0),
(834, 'Sample Post Title 831', 'This is the body content for post 831. Lorem ipsum dolor sit amet, consectetur adipiscing elit.', 'sample-post-title-831', 3, 11, '2025-06-05 20:41:17', '2025-06-05 20:41:17', 0),
(835, 'Sample Post Title 832', 'This is the body content for post 832. Lorem ipsum dolor sit amet, consectetur adipiscing elit.', 'sample-post-title-832', 5, 11, '2025-06-05 20:41:17', '2025-06-05 20:41:17', 0),
(836, 'Sample Post Title 833', 'This is the body content for post 833. Lorem ipsum dolor sit amet, consectetur adipiscing elit.', 'sample-post-title-833', 1, 4, '2025-06-05 20:41:17', '2025-06-05 20:41:17', 0),
(837, 'Sample Post Title 834', 'This is the body content for post 834. Lorem ipsum dolor sit amet, consectetur adipiscing elit.', 'sample-post-title-834', 4, 12, '2025-06-05 20:41:17', '2025-06-05 20:41:17', 0),
(838, 'Sample Post Title 835', 'This is the body content for post 835. Lorem ipsum dolor sit amet, consectetur adipiscing elit.', 'sample-post-title-835', 5, 3, '2025-06-05 20:41:17', '2025-06-05 20:41:17', 0),
(839, 'Sample Post Title 836', 'This is the body content for post 836. Lorem ipsum dolor sit amet, consectetur adipiscing elit.', 'sample-post-title-836', 1, 1, '2025-06-05 20:41:17', '2025-06-05 20:41:17', 0),
(840, 'Sample Post Title 837', 'This is the body content for post 837. Lorem ipsum dolor sit amet, consectetur adipiscing elit.', 'sample-post-title-837', 5, 4, '2025-06-05 20:41:17', '2025-06-05 20:41:17', 0),
(841, 'Sample Post Title 838', 'This is the body content for post 838. Lorem ipsum dolor sit amet, consectetur adipiscing elit.', 'sample-post-title-838', 6, 2, '2025-06-05 20:41:17', '2025-06-05 20:41:17', 0),
(842, 'Sample Post Title 839', 'This is the body content for post 839. Lorem ipsum dolor sit amet, consectetur adipiscing elit.', 'sample-post-title-839', 3, 6, '2025-06-05 20:41:17', '2025-06-05 20:41:17', 0),
(843, 'Sample Post Title 840', 'This is the body content for post 840. Lorem ipsum dolor sit amet, consectetur adipiscing elit.', 'sample-post-title-840', 4, 1, '2025-06-05 20:41:17', '2025-06-05 20:41:17', 0),
(844, 'Sample Post Title 841', 'This is the body content for post 841. Lorem ipsum dolor sit amet, consectetur adipiscing elit.', 'sample-post-title-841', 1, 3, '2025-06-05 20:41:17', '2025-06-05 20:41:17', 0),
(845, 'Sample Post Title 842', 'This is the body content for post 842. Lorem ipsum dolor sit amet, consectetur adipiscing elit.', 'sample-post-title-842', 4, 12, '2025-06-05 20:41:17', '2025-06-05 20:41:17', 0),
(846, 'Sample Post Title 843', 'This is the body content for post 843. Lorem ipsum dolor sit amet, consectetur adipiscing elit.', 'sample-post-title-843', 4, 11, '2025-06-05 20:41:17', '2025-06-05 20:41:17', 0),
(847, 'Sample Post Title 844', 'This is the body content for post 844. Lorem ipsum dolor sit amet, consectetur adipiscing elit.', 'sample-post-title-844', 3, 12, '2025-06-05 20:41:17', '2025-06-05 20:41:17', 0),
(848, 'Sample Post Title 845', 'This is the body content for post 845. Lorem ipsum dolor sit amet, consectetur adipiscing elit.', 'sample-post-title-845', 3, 10, '2025-06-05 20:41:17', '2025-06-05 20:41:17', 0),
(849, 'Sample Post Title 846', 'This is the body content for post 846. Lorem ipsum dolor sit amet, consectetur adipiscing elit.', 'sample-post-title-846', 4, 2, '2025-06-05 20:41:17', '2025-06-05 20:41:17', 0),
(850, 'Sample Post Title 847', 'This is the body content for post 847. Lorem ipsum dolor sit amet, consectetur adipiscing elit.', 'sample-post-title-847', 5, 10, '2025-06-05 20:41:17', '2025-06-05 20:41:17', 0),
(851, 'Sample Post Title 848', 'This is the body content for post 848. Lorem ipsum dolor sit amet, consectetur adipiscing elit.', 'sample-post-title-848', 6, 12, '2025-06-05 20:41:17', '2025-06-05 20:41:17', 0),
(852, 'Sample Post Title 849', 'This is the body content for post 849. Lorem ipsum dolor sit amet, consectetur adipiscing elit.', 'sample-post-title-849', 1, 12, '2025-06-05 20:41:17', '2025-06-05 20:41:17', 0),
(853, 'Sample Post Title 850', 'This is the body content for post 850. Lorem ipsum dolor sit amet, consectetur adipiscing elit.', 'sample-post-title-850', 1, 4, '2025-06-05 20:41:17', '2025-06-05 20:41:17', 0),
(854, 'Sample Post Title 851', 'This is the body content for post 851. Lorem ipsum dolor sit amet, consectetur adipiscing elit.', 'sample-post-title-851', 5, 11, '2025-06-05 20:41:17', '2025-06-05 20:41:17', 0),
(855, 'Sample Post Title 852', 'This is the body content for post 852. Lorem ipsum dolor sit amet, consectetur adipiscing elit.', 'sample-post-title-852', 4, 5, '2025-06-05 20:41:17', '2025-06-05 20:41:17', 0),
(856, 'Sample Post Title 853', 'This is the body content for post 853. Lorem ipsum dolor sit amet, consectetur adipiscing elit.', 'sample-post-title-853', 1, 3, '2025-06-05 20:41:17', '2025-06-05 20:41:17', 0),
(857, 'Sample Post Title 854', 'This is the body content for post 854. Lorem ipsum dolor sit amet, consectetur adipiscing elit.', 'sample-post-title-854', 6, 12, '2025-06-05 20:41:17', '2025-06-05 20:41:17', 0),
(858, 'Sample Post Title 855', 'This is the body content for post 855. Lorem ipsum dolor sit amet, consectetur adipiscing elit.', 'sample-post-title-855', 4, 4, '2025-06-05 20:41:17', '2025-06-05 20:41:17', 0),
(859, 'Sample Post Title 856', 'This is the body content for post 856. Lorem ipsum dolor sit amet, consectetur adipiscing elit.', 'sample-post-title-856', 1, 12, '2025-06-05 20:41:17', '2025-06-05 20:41:17', 0),
(860, 'Sample Post Title 857', 'This is the body content for post 857. Lorem ipsum dolor sit amet, consectetur adipiscing elit.', 'sample-post-title-857', 3, 1, '2025-06-05 20:41:17', '2025-06-05 20:41:17', 0),
(861, 'Sample Post Title 858', 'This is the body content for post 858. Lorem ipsum dolor sit amet, consectetur adipiscing elit.', 'sample-post-title-858', 3, 4, '2025-06-05 20:41:17', '2025-06-05 20:41:17', 0),
(862, 'Sample Post Title 859', 'This is the body content for post 859. Lorem ipsum dolor sit amet, consectetur adipiscing elit.', 'sample-post-title-859', 4, 6, '2025-06-05 20:41:17', '2025-06-05 20:41:17', 0),
(863, 'Sample Post Title 860', 'This is the body content for post 860. Lorem ipsum dolor sit amet, consectetur adipiscing elit.', 'sample-post-title-860', 1, 1, '2025-06-05 20:41:17', '2025-06-05 20:41:17', 0),
(864, 'Sample Post Title 861', 'This is the body content for post 861. Lorem ipsum dolor sit amet, consectetur adipiscing elit.', 'sample-post-title-861', 5, 6, '2025-06-05 20:41:17', '2025-06-05 20:41:17', 0),
(865, 'Sample Post Title 862', 'This is the body content for post 862. Lorem ipsum dolor sit amet, consectetur adipiscing elit.', 'sample-post-title-862', 5, 10, '2025-06-05 20:41:17', '2025-06-05 20:41:17', 0),
(866, 'Sample Post Title 863', 'This is the body content for post 863. Lorem ipsum dolor sit amet, consectetur adipiscing elit.', 'sample-post-title-863', 5, 6, '2025-06-05 20:41:17', '2025-06-05 20:41:17', 0),
(867, 'Sample Post Title 864', 'This is the body content for post 864. Lorem ipsum dolor sit amet, consectetur adipiscing elit.', 'sample-post-title-864', 3, 3, '2025-06-05 20:41:17', '2025-06-05 20:41:17', 0),
(868, 'Sample Post Title 865', 'This is the body content for post 865. Lorem ipsum dolor sit amet, consectetur adipiscing elit.', 'sample-post-title-865', 5, 5, '2025-06-05 20:41:17', '2025-06-05 20:41:17', 0),
(869, 'Sample Post Title 866', 'This is the body content for post 866. Lorem ipsum dolor sit amet, consectetur adipiscing elit.', 'sample-post-title-866', 5, 3, '2025-06-05 20:41:17', '2025-06-05 20:41:17', 0),
(870, 'Sample Post Title 867', 'This is the body content for post 867. Lorem ipsum dolor sit amet, consectetur adipiscing elit.', 'sample-post-title-867', 3, 6, '2025-06-05 20:41:17', '2025-06-05 20:41:17', 0),
(871, 'Sample Post Title 868', 'This is the body content for post 868. Lorem ipsum dolor sit amet, consectetur adipiscing elit.', 'sample-post-title-868', 4, 3, '2025-06-05 20:41:17', '2025-06-05 20:41:17', 0),
(872, 'Sample Post Title 869', 'This is the body content for post 869. Lorem ipsum dolor sit amet, consectetur adipiscing elit.', 'sample-post-title-869', 6, 3, '2025-06-05 20:41:17', '2025-06-05 20:41:17', 0),
(873, 'Sample Post Title 870', 'This is the body content for post 870. Lorem ipsum dolor sit amet, consectetur adipiscing elit.', 'sample-post-title-870', 3, 10, '2025-06-05 20:41:17', '2025-06-05 20:41:17', 0),
(874, 'Sample Post Title 871', 'This is the body content for post 871. Lorem ipsum dolor sit amet, consectetur adipiscing elit.', 'sample-post-title-871', 1, 10, '2025-06-05 20:41:17', '2025-06-05 20:41:17', 0),
(875, 'Sample Post Title 872', 'This is the body content for post 872. Lorem ipsum dolor sit amet, consectetur adipiscing elit.', 'sample-post-title-872', 6, 2, '2025-06-05 20:41:17', '2025-06-05 20:41:17', 0),
(876, 'Sample Post Title 873', 'This is the body content for post 873. Lorem ipsum dolor sit amet, consectetur adipiscing elit.', 'sample-post-title-873', 6, 4, '2025-06-05 20:41:17', '2025-06-05 20:41:17', 0),
(877, 'Sample Post Title 874', 'This is the body content for post 874. Lorem ipsum dolor sit amet, consectetur adipiscing elit.', 'sample-post-title-874', 6, 2, '2025-06-05 20:41:17', '2025-06-05 20:41:17', 0),
(878, 'Sample Post Title 875', 'This is the body content for post 875. Lorem ipsum dolor sit amet, consectetur adipiscing elit.', 'sample-post-title-875', 3, 4, '2025-06-05 20:41:17', '2025-06-05 20:41:17', 0),
(879, 'Sample Post Title 876', 'This is the body content for post 876. Lorem ipsum dolor sit amet, consectetur adipiscing elit.', 'sample-post-title-876', 1, 5, '2025-06-05 20:41:17', '2025-06-05 20:41:17', 0),
(880, 'Sample Post Title 877', 'This is the body content for post 877. Lorem ipsum dolor sit amet, consectetur adipiscing elit.', 'sample-post-title-877', 5, 2, '2025-06-05 20:41:17', '2025-06-05 20:41:17', 0),
(881, 'Sample Post Title 878', 'This is the body content for post 878. Lorem ipsum dolor sit amet, consectetur adipiscing elit.', 'sample-post-title-878', 4, 2, '2025-06-05 20:41:17', '2025-06-05 20:41:17', 0),
(882, 'Sample Post Title 879', 'This is the body content for post 879. Lorem ipsum dolor sit amet, consectetur adipiscing elit.', 'sample-post-title-879', 6, 10, '2025-06-05 20:41:17', '2025-06-05 20:41:17', 0),
(883, 'Sample Post Title 880', 'This is the body content for post 880. Lorem ipsum dolor sit amet, consectetur adipiscing elit.', 'sample-post-title-880', 4, 10, '2025-06-05 20:41:17', '2025-06-05 20:41:17', 0),
(884, 'Sample Post Title 881', 'This is the body content for post 881. Lorem ipsum dolor sit amet, consectetur adipiscing elit.', 'sample-post-title-881', 3, 3, '2025-06-05 20:41:17', '2025-06-05 20:41:17', 0),
(885, 'Sample Post Title 882', 'This is the body content for post 882. Lorem ipsum dolor sit amet, consectetur adipiscing elit.', 'sample-post-title-882', 5, 5, '2025-06-05 20:41:17', '2025-06-05 20:41:17', 0),
(886, 'Sample Post Title 883', 'This is the body content for post 883. Lorem ipsum dolor sit amet, consectetur adipiscing elit.', 'sample-post-title-883', 1, 12, '2025-06-05 20:41:17', '2025-06-05 20:41:17', 0),
(887, 'Sample Post Title 884', 'This is the body content for post 884. Lorem ipsum dolor sit amet, consectetur adipiscing elit.', 'sample-post-title-884', 4, 2, '2025-06-05 20:41:17', '2025-06-05 20:41:17', 0),
(888, 'Sample Post Title 885', 'This is the body content for post 885. Lorem ipsum dolor sit amet, consectetur adipiscing elit.', 'sample-post-title-885', 6, 10, '2025-06-05 20:41:17', '2025-06-05 20:41:17', 0),
(889, 'Sample Post Title 886', 'This is the body content for post 886. Lorem ipsum dolor sit amet, consectetur adipiscing elit.', 'sample-post-title-886', 3, 6, '2025-06-05 20:41:17', '2025-06-05 20:41:17', 0),
(890, 'Sample Post Title 887', 'This is the body content for post 887. Lorem ipsum dolor sit amet, consectetur adipiscing elit.', 'sample-post-title-887', 5, 5, '2025-06-05 20:41:17', '2025-06-05 20:41:17', 0),
(891, 'Sample Post Title 888', 'This is the body content for post 888. Lorem ipsum dolor sit amet, consectetur adipiscing elit.', 'sample-post-title-888', 3, 11, '2025-06-05 20:41:17', '2025-06-05 20:41:17', 0),
(892, 'Sample Post Title 889', 'This is the body content for post 889. Lorem ipsum dolor sit amet, consectetur adipiscing elit.', 'sample-post-title-889', 1, 3, '2025-06-05 20:41:17', '2025-06-05 20:41:17', 0),
(893, 'Sample Post Title 890', 'This is the body content for post 890. Lorem ipsum dolor sit amet, consectetur adipiscing elit.', 'sample-post-title-890', 4, 4, '2025-06-05 20:41:17', '2025-06-05 20:41:17', 0),
(894, 'Sample Post Title 891', 'This is the body content for post 891. Lorem ipsum dolor sit amet, consectetur adipiscing elit.', 'sample-post-title-891', 6, 5, '2025-06-05 20:41:17', '2025-06-05 20:41:17', 0),
(895, 'Sample Post Title 892', 'This is the body content for post 892. Lorem ipsum dolor sit amet, consectetur adipiscing elit.', 'sample-post-title-892', 6, 6, '2025-06-05 20:41:17', '2025-06-05 20:41:17', 0),
(896, 'Sample Post Title 893', 'This is the body content for post 893. Lorem ipsum dolor sit amet, consectetur adipiscing elit.', 'sample-post-title-893', 3, 10, '2025-06-05 20:41:18', '2025-06-05 20:41:18', 0),
(897, 'Sample Post Title 894', 'This is the body content for post 894. Lorem ipsum dolor sit amet, consectetur adipiscing elit.', 'sample-post-title-894', 5, 10, '2025-06-05 20:41:18', '2025-06-05 20:41:18', 0),
(898, 'Sample Post Title 895', 'This is the body content for post 895. Lorem ipsum dolor sit amet, consectetur adipiscing elit.', 'sample-post-title-895', 6, 12, '2025-06-05 20:41:18', '2025-06-05 20:41:18', 0),
(899, 'Sample Post Title 896', 'This is the body content for post 896. Lorem ipsum dolor sit amet, consectetur adipiscing elit.', 'sample-post-title-896', 3, 2, '2025-06-05 20:41:18', '2025-06-05 20:41:18', 0),
(900, 'Sample Post Title 897', 'This is the body content for post 897. Lorem ipsum dolor sit amet, consectetur adipiscing elit.', 'sample-post-title-897', 5, 2, '2025-06-05 20:41:18', '2025-06-05 20:41:18', 0),
(901, 'Sample Post Title 898', 'This is the body content for post 898. Lorem ipsum dolor sit amet, consectetur adipiscing elit.', 'sample-post-title-898', 1, 2, '2025-06-05 20:41:18', '2025-06-05 20:41:18', 0),
(902, 'Sample Post Title 899', 'This is the body content for post 899. Lorem ipsum dolor sit amet, consectetur adipiscing elit.', 'sample-post-title-899', 1, 4, '2025-06-05 20:41:18', '2025-06-05 20:41:18', 0),
(903, 'Sample Post Title 900', 'This is the body content for post 900. Lorem ipsum dolor sit amet, consectetur adipiscing elit.', 'sample-post-title-900', 4, 4, '2025-06-05 20:41:18', '2025-06-05 20:41:18', 0),
(904, 'Sample Post Title 901', 'This is the body content for post 901. Lorem ipsum dolor sit amet, consectetur adipiscing elit.', 'sample-post-title-901', 4, 12, '2025-06-05 20:41:18', '2025-06-05 20:41:18', 0),
(905, 'Sample Post Title 902', 'This is the body content for post 902. Lorem ipsum dolor sit amet, consectetur adipiscing elit.', 'sample-post-title-902', 4, 11, '2025-06-05 20:41:18', '2025-06-05 20:41:18', 0),
(906, 'Sample Post Title 903', 'This is the body content for post 903. Lorem ipsum dolor sit amet, consectetur adipiscing elit.', 'sample-post-title-903', 3, 2, '2025-06-05 20:41:18', '2025-06-05 20:41:18', 0),
(907, 'Sample Post Title 904', 'This is the body content for post 904. Lorem ipsum dolor sit amet, consectetur adipiscing elit.', 'sample-post-title-904', 4, 10, '2025-06-05 20:41:18', '2025-06-05 20:41:18', 0),
(908, 'Sample Post Title 905', 'This is the body content for post 905. Lorem ipsum dolor sit amet, consectetur adipiscing elit.', 'sample-post-title-905', 4, 6, '2025-06-05 20:41:18', '2025-06-05 20:41:18', 0),
(909, 'Sample Post Title 906', 'This is the body content for post 906. Lorem ipsum dolor sit amet, consectetur adipiscing elit.', 'sample-post-title-906', 5, 2, '2025-06-05 20:41:18', '2025-06-05 20:41:18', 0),
(910, 'Sample Post Title 907', 'This is the body content for post 907. Lorem ipsum dolor sit amet, consectetur adipiscing elit.', 'sample-post-title-907', 5, 2, '2025-06-05 20:41:18', '2025-06-05 20:41:18', 0),
(911, 'Sample Post Title 908', 'This is the body content for post 908. Lorem ipsum dolor sit amet, consectetur adipiscing elit.', 'sample-post-title-908', 5, 11, '2025-06-05 20:41:18', '2025-06-05 20:41:18', 0),
(912, 'Sample Post Title 909', 'This is the body content for post 909. Lorem ipsum dolor sit amet, consectetur adipiscing elit.', 'sample-post-title-909', 5, 3, '2025-06-05 20:41:18', '2025-06-05 20:41:18', 0),
(913, 'Sample Post Title 910', 'This is the body content for post 910. Lorem ipsum dolor sit amet, consectetur adipiscing elit.', 'sample-post-title-910', 6, 4, '2025-06-05 20:41:18', '2025-06-05 20:41:18', 0),
(914, 'Sample Post Title 911', 'This is the body content for post 911. Lorem ipsum dolor sit amet, consectetur adipiscing elit.', 'sample-post-title-911', 1, 4, '2025-06-05 20:41:18', '2025-06-05 20:41:18', 0),
(915, 'Sample Post Title 912', 'This is the body content for post 912. Lorem ipsum dolor sit amet, consectetur adipiscing elit.', 'sample-post-title-912', 4, 3, '2025-06-05 20:41:18', '2025-06-05 20:41:18', 0),
(916, 'Sample Post Title 913', 'This is the body content for post 913. Lorem ipsum dolor sit amet, consectetur adipiscing elit.', 'sample-post-title-913', 5, 1, '2025-06-05 20:41:18', '2025-06-05 20:41:18', 0),
(917, 'Sample Post Title 914', 'This is the body content for post 914. Lorem ipsum dolor sit amet, consectetur adipiscing elit.', 'sample-post-title-914', 1, 2, '2025-06-05 20:41:18', '2025-06-05 20:41:18', 0),
(918, 'Sample Post Title 915', 'This is the body content for post 915. Lorem ipsum dolor sit amet, consectetur adipiscing elit.', 'sample-post-title-915', 4, 5, '2025-06-05 20:41:18', '2025-06-05 20:41:18', 0),
(919, 'Sample Post Title 916', 'This is the body content for post 916. Lorem ipsum dolor sit amet, consectetur adipiscing elit.', 'sample-post-title-916', 4, 3, '2025-06-05 20:41:18', '2025-06-05 20:41:18', 0),
(920, 'Sample Post Title 917', 'This is the body content for post 917. Lorem ipsum dolor sit amet, consectetur adipiscing elit.', 'sample-post-title-917', 6, 1, '2025-06-05 20:41:18', '2025-06-05 20:41:18', 0),
(921, 'Sample Post Title 918', 'This is the body content for post 918. Lorem ipsum dolor sit amet, consectetur adipiscing elit.', 'sample-post-title-918', 4, 12, '2025-06-05 20:41:18', '2025-06-05 20:41:18', 0),
(922, 'Sample Post Title 919', 'This is the body content for post 919. Lorem ipsum dolor sit amet, consectetur adipiscing elit.', 'sample-post-title-919', 5, 10, '2025-06-05 20:41:18', '2025-06-05 20:41:18', 0),
(923, 'Sample Post Title 920', 'This is the body content for post 920. Lorem ipsum dolor sit amet, consectetur adipiscing elit.', 'sample-post-title-920', 4, 11, '2025-06-05 20:41:18', '2025-06-05 20:41:18', 0),
(924, 'Sample Post Title 921', 'This is the body content for post 921. Lorem ipsum dolor sit amet, consectetur adipiscing elit.', 'sample-post-title-921', 5, 5, '2025-06-05 20:41:18', '2025-06-05 20:41:18', 0),
(925, 'Sample Post Title 922', 'This is the body content for post 922. Lorem ipsum dolor sit amet, consectetur adipiscing elit.', 'sample-post-title-922', 5, 1, '2025-06-05 20:41:18', '2025-06-05 20:41:18', 0),
(926, 'Sample Post Title 923', 'This is the body content for post 923. Lorem ipsum dolor sit amet, consectetur adipiscing elit.', 'sample-post-title-923', 1, 6, '2025-06-05 20:41:18', '2025-06-05 20:41:18', 0),
(927, 'Sample Post Title 924', 'This is the body content for post 924. Lorem ipsum dolor sit amet, consectetur adipiscing elit.', 'sample-post-title-924', 6, 1, '2025-06-05 20:41:18', '2025-06-05 20:41:18', 0),
(928, 'Sample Post Title 925', 'This is the body content for post 925. Lorem ipsum dolor sit amet, consectetur adipiscing elit.', 'sample-post-title-925', 4, 4, '2025-06-05 20:41:18', '2025-06-05 20:41:18', 0),
(929, 'Sample Post Title 926', 'This is the body content for post 926. Lorem ipsum dolor sit amet, consectetur adipiscing elit.', 'sample-post-title-926', 3, 10, '2025-06-05 20:41:18', '2025-06-05 20:41:18', 0),
(930, 'Sample Post Title 927', 'This is the body content for post 927. Lorem ipsum dolor sit amet, consectetur adipiscing elit.', 'sample-post-title-927', 3, 11, '2025-06-05 20:41:18', '2025-06-05 20:41:18', 0),
(931, 'Sample Post Title 928', 'This is the body content for post 928. Lorem ipsum dolor sit amet, consectetur adipiscing elit.', 'sample-post-title-928', 6, 5, '2025-06-05 20:41:18', '2025-06-05 20:41:18', 0),
(932, 'Sample Post Title 929', 'This is the body content for post 929. Lorem ipsum dolor sit amet, consectetur adipiscing elit.', 'sample-post-title-929', 1, 11, '2025-06-05 20:41:18', '2025-06-05 20:41:18', 0),
(933, 'Sample Post Title 930', 'This is the body content for post 930. Lorem ipsum dolor sit amet, consectetur adipiscing elit.', 'sample-post-title-930', 1, 6, '2025-06-05 20:41:18', '2025-06-05 20:41:18', 0),
(934, 'Sample Post Title 931', 'This is the body content for post 931. Lorem ipsum dolor sit amet, consectetur adipiscing elit.', 'sample-post-title-931', 4, 10, '2025-06-05 20:41:18', '2025-06-05 20:41:18', 0),
(935, 'Sample Post Title 932', 'This is the body content for post 932. Lorem ipsum dolor sit amet, consectetur adipiscing elit.', 'sample-post-title-932', 5, 2, '2025-06-05 20:41:18', '2025-06-05 20:41:18', 0),
(936, 'Sample Post Title 933', 'This is the body content for post 933. Lorem ipsum dolor sit amet, consectetur adipiscing elit.', 'sample-post-title-933', 5, 10, '2025-06-05 20:41:18', '2025-06-05 20:41:18', 0),
(937, 'Sample Post Title 934', 'This is the body content for post 934. Lorem ipsum dolor sit amet, consectetur adipiscing elit.', 'sample-post-title-934', 1, 4, '2025-06-05 20:41:18', '2025-06-05 20:41:18', 0),
(938, 'Sample Post Title 935', 'This is the body content for post 935. Lorem ipsum dolor sit amet, consectetur adipiscing elit.', 'sample-post-title-935', 5, 12, '2025-06-05 20:41:18', '2025-06-05 20:41:18', 0),
(939, 'Sample Post Title 936', 'This is the body content for post 936. Lorem ipsum dolor sit amet, consectetur adipiscing elit.', 'sample-post-title-936', 5, 5, '2025-06-05 20:41:18', '2025-06-05 20:41:18', 0),
(940, 'Sample Post Title 937', 'This is the body content for post 937. Lorem ipsum dolor sit amet, consectetur adipiscing elit.', 'sample-post-title-937', 6, 4, '2025-06-05 20:41:18', '2025-06-05 20:41:18', 0),
(941, 'Sample Post Title 938', 'This is the body content for post 938. Lorem ipsum dolor sit amet, consectetur adipiscing elit.', 'sample-post-title-938', 1, 6, '2025-06-05 20:41:18', '2025-06-05 20:41:18', 0),
(942, 'Sample Post Title 939', 'This is the body content for post 939. Lorem ipsum dolor sit amet, consectetur adipiscing elit.', 'sample-post-title-939', 1, 12, '2025-06-05 20:41:18', '2025-06-05 20:41:18', 0),
(943, 'Sample Post Title 940', 'This is the body content for post 940. Lorem ipsum dolor sit amet, consectetur adipiscing elit.', 'sample-post-title-940', 6, 2, '2025-06-05 20:41:18', '2025-06-05 20:41:18', 0),
(944, 'Sample Post Title 941', 'This is the body content for post 941. Lorem ipsum dolor sit amet, consectetur adipiscing elit.', 'sample-post-title-941', 1, 10, '2025-06-05 20:41:18', '2025-06-05 20:41:18', 0),
(945, 'Sample Post Title 942', 'This is the body content for post 942. Lorem ipsum dolor sit amet, consectetur adipiscing elit.', 'sample-post-title-942', 3, 5, '2025-06-05 20:41:18', '2025-06-05 20:41:18', 0),
(946, 'Sample Post Title 943', 'This is the body content for post 943. Lorem ipsum dolor sit amet, consectetur adipiscing elit.', 'sample-post-title-943', 1, 4, '2025-06-05 20:41:18', '2025-06-05 20:41:18', 0),
(947, 'Sample Post Title 944', 'This is the body content for post 944. Lorem ipsum dolor sit amet, consectetur adipiscing elit.', 'sample-post-title-944', 4, 2, '2025-06-05 20:41:18', '2025-06-05 20:41:18', 0),
(948, 'Sample Post Title 945', 'This is the body content for post 945. Lorem ipsum dolor sit amet, consectetur adipiscing elit.', 'sample-post-title-945', 6, 10, '2025-06-05 20:41:18', '2025-06-05 20:41:18', 0),
(949, 'Sample Post Title 946', 'This is the body content for post 946. Lorem ipsum dolor sit amet, consectetur adipiscing elit.', 'sample-post-title-946', 5, 1, '2025-06-05 20:41:18', '2025-06-05 20:41:18', 0),
(950, 'Sample Post Title 947', 'This is the body content for post 947. Lorem ipsum dolor sit amet, consectetur adipiscing elit.', 'sample-post-title-947', 3, 4, '2025-06-05 20:41:18', '2025-06-05 20:41:18', 0),
(951, 'Sample Post Title 948', 'This is the body content for post 948. Lorem ipsum dolor sit amet, consectetur adipiscing elit.', 'sample-post-title-948', 5, 11, '2025-06-05 20:41:18', '2025-06-05 20:41:18', 0),
(952, 'Sample Post Title 949', 'This is the body content for post 949. Lorem ipsum dolor sit amet, consectetur adipiscing elit.', 'sample-post-title-949', 5, 1, '2025-06-05 20:41:18', '2025-06-05 20:41:18', 0),
(953, 'Sample Post Title 950', 'This is the body content for post 950. Lorem ipsum dolor sit amet, consectetur adipiscing elit.', 'sample-post-title-950', 1, 4, '2025-06-05 20:41:18', '2025-06-05 20:41:18', 0),
(954, 'Sample Post Title 951', 'This is the body content for post 951. Lorem ipsum dolor sit amet, consectetur adipiscing elit.', 'sample-post-title-951', 3, 5, '2025-06-05 20:41:18', '2025-06-05 20:41:18', 0),
(955, 'Sample Post Title 952', 'This is the body content for post 952. Lorem ipsum dolor sit amet, consectetur adipiscing elit.', 'sample-post-title-952', 1, 6, '2025-06-05 20:41:18', '2025-06-05 20:41:18', 0),
(956, 'Sample Post Title 953', 'This is the body content for post 953. Lorem ipsum dolor sit amet, consectetur adipiscing elit.', 'sample-post-title-953', 4, 11, '2025-06-05 20:41:18', '2025-06-05 20:41:18', 0);
INSERT INTO `posts` (`id`, `title`, `body`, `slug`, `category_id`, `author_id`, `created_at`, `updated_at`, `status`) VALUES
(957, 'Sample Post Title 954', 'This is the body content for post 954. Lorem ipsum dolor sit amet, consectetur adipiscing elit.', 'sample-post-title-954', 4, 12, '2025-06-05 20:41:18', '2025-06-05 20:41:18', 0),
(958, 'Sample Post Title 955', 'This is the body content for post 955. Lorem ipsum dolor sit amet, consectetur adipiscing elit.', 'sample-post-title-955', 6, 4, '2025-06-05 20:41:18', '2025-06-05 20:41:18', 0),
(959, 'Sample Post Title 956', 'This is the body content for post 956. Lorem ipsum dolor sit amet, consectetur adipiscing elit.', 'sample-post-title-956', 5, 3, '2025-06-05 20:41:18', '2025-06-05 20:41:18', 0),
(960, 'Sample Post Title 957', 'This is the body content for post 957. Lorem ipsum dolor sit amet, consectetur adipiscing elit.', 'sample-post-title-957', 4, 4, '2025-06-05 20:41:18', '2025-06-05 20:41:18', 0),
(961, 'Sample Post Title 958', 'This is the body content for post 958. Lorem ipsum dolor sit amet, consectetur adipiscing elit.', 'sample-post-title-958', 3, 2, '2025-06-05 20:41:18', '2025-06-05 20:41:18', 0),
(962, 'Sample Post Title 959', 'This is the body content for post 959. Lorem ipsum dolor sit amet, consectetur adipiscing elit.', 'sample-post-title-959', 3, 4, '2025-06-05 20:41:18', '2025-06-05 20:41:18', 0),
(963, 'Sample Post Title 960', 'This is the body content for post 960. Lorem ipsum dolor sit amet, consectetur adipiscing elit.', 'sample-post-title-960', 4, 4, '2025-06-05 20:41:18', '2025-06-05 20:41:18', 0),
(964, 'Sample Post Title 961', 'This is the body content for post 961. Lorem ipsum dolor sit amet, consectetur adipiscing elit.', 'sample-post-title-961', 4, 3, '2025-06-05 20:41:18', '2025-06-05 20:41:18', 0),
(965, 'Sample Post Title 962', 'This is the body content for post 962. Lorem ipsum dolor sit amet, consectetur adipiscing elit.', 'sample-post-title-962', 5, 11, '2025-06-05 20:41:18', '2025-06-05 20:41:18', 0),
(966, 'Sample Post Title 963', 'This is the body content for post 963. Lorem ipsum dolor sit amet, consectetur adipiscing elit.', 'sample-post-title-963', 6, 3, '2025-06-05 20:41:18', '2025-06-05 20:41:18', 0),
(967, 'Sample Post Title 964', 'This is the body content for post 964. Lorem ipsum dolor sit amet, consectetur adipiscing elit.', 'sample-post-title-964', 1, 11, '2025-06-05 20:41:18', '2025-06-05 20:41:18', 0),
(968, 'Sample Post Title 965', 'This is the body content for post 965. Lorem ipsum dolor sit amet, consectetur adipiscing elit.', 'sample-post-title-965', 6, 2, '2025-06-05 20:41:18', '2025-06-05 20:41:18', 0),
(969, 'Sample Post Title 966', 'This is the body content for post 966. Lorem ipsum dolor sit amet, consectetur adipiscing elit.', 'sample-post-title-966', 3, 5, '2025-06-05 20:41:18', '2025-06-05 20:41:18', 0),
(970, 'Sample Post Title 967', 'This is the body content for post 967. Lorem ipsum dolor sit amet, consectetur adipiscing elit.', 'sample-post-title-967', 4, 6, '2025-06-05 20:41:18', '2025-06-05 20:41:18', 0),
(971, 'Sample Post Title 968', 'This is the body content for post 968. Lorem ipsum dolor sit amet, consectetur adipiscing elit.', 'sample-post-title-968', 6, 11, '2025-06-05 20:41:18', '2025-06-05 20:41:18', 0),
(972, 'Sample Post Title 969', 'This is the body content for post 969. Lorem ipsum dolor sit amet, consectetur adipiscing elit.', 'sample-post-title-969', 6, 4, '2025-06-05 20:41:18', '2025-06-05 20:41:18', 0),
(973, 'Sample Post Title 970', 'This is the body content for post 970. Lorem ipsum dolor sit amet, consectetur adipiscing elit.', 'sample-post-title-970', 3, 6, '2025-06-05 20:41:18', '2025-06-05 20:41:18', 0),
(974, 'Sample Post Title 971', 'This is the body content for post 971. Lorem ipsum dolor sit amet, consectetur adipiscing elit.', 'sample-post-title-971', 5, 12, '2025-06-05 20:41:18', '2025-06-05 20:41:18', 0),
(975, 'Sample Post Title 972', 'This is the body content for post 972. Lorem ipsum dolor sit amet, consectetur adipiscing elit.', 'sample-post-title-972', 3, 2, '2025-06-05 20:41:18', '2025-06-05 20:41:18', 0),
(976, 'Sample Post Title 973', 'This is the body content for post 973. Lorem ipsum dolor sit amet, consectetur adipiscing elit.', 'sample-post-title-973', 5, 12, '2025-06-05 20:41:18', '2025-06-05 20:41:18', 0),
(977, 'Sample Post Title 974', 'This is the body content for post 974. Lorem ipsum dolor sit amet, consectetur adipiscing elit.', 'sample-post-title-974', 4, 2, '2025-06-05 20:41:18', '2025-06-05 20:41:18', 0),
(978, 'Sample Post Title 975', 'This is the body content for post 975. Lorem ipsum dolor sit amet, consectetur adipiscing elit.', 'sample-post-title-975', 3, 12, '2025-06-05 20:41:18', '2025-06-05 20:41:18', 0),
(979, 'Sample Post Title 976', 'This is the body content for post 976. Lorem ipsum dolor sit amet, consectetur adipiscing elit.', 'sample-post-title-976', 3, 12, '2025-06-05 20:41:18', '2025-06-05 20:41:18', 0),
(980, 'Sample Post Title 977', 'This is the body content for post 977. Lorem ipsum dolor sit amet, consectetur adipiscing elit.', 'sample-post-title-977', 6, 10, '2025-06-05 20:41:18', '2025-06-05 20:41:18', 0),
(981, 'Sample Post Title 978', 'This is the body content for post 978. Lorem ipsum dolor sit amet, consectetur adipiscing elit.', 'sample-post-title-978', 5, 10, '2025-06-05 20:41:18', '2025-06-05 20:41:18', 0),
(982, 'Sample Post Title 979', 'This is the body content for post 979. Lorem ipsum dolor sit amet, consectetur adipiscing elit.', 'sample-post-title-979', 6, 3, '2025-06-05 20:41:18', '2025-06-05 20:41:18', 0),
(983, 'Sample Post Title 980', 'This is the body content for post 980. Lorem ipsum dolor sit amet, consectetur adipiscing elit.', 'sample-post-title-980', 6, 12, '2025-06-05 20:41:18', '2025-06-05 20:41:18', 0),
(984, 'Sample Post Title 981', 'This is the body content for post 981. Lorem ipsum dolor sit amet, consectetur adipiscing elit.', 'sample-post-title-981', 1, 12, '2025-06-05 20:41:18', '2025-06-05 20:41:18', 0),
(985, 'Sample Post Title 982', 'This is the body content for post 982. Lorem ipsum dolor sit amet, consectetur adipiscing elit.', 'sample-post-title-982', 1, 10, '2025-06-05 20:41:18', '2025-06-05 20:41:18', 0),
(986, 'Sample Post Title 983', 'This is the body content for post 983. Lorem ipsum dolor sit amet, consectetur adipiscing elit.', 'sample-post-title-983', 4, 2, '2025-06-05 20:41:18', '2025-06-05 20:41:18', 0),
(987, 'Sample Post Title 984', 'This is the body content for post 984. Lorem ipsum dolor sit amet, consectetur adipiscing elit.', 'sample-post-title-984', 3, 2, '2025-06-05 20:41:18', '2025-06-05 20:41:18', 0),
(988, 'Sample Post Title 985', 'This is the body content for post 985. Lorem ipsum dolor sit amet, consectetur adipiscing elit.', 'sample-post-title-985', 1, 2, '2025-06-05 20:41:18', '2025-06-05 20:41:18', 0),
(989, 'Sample Post Title 986', 'This is the body content for post 986. Lorem ipsum dolor sit amet, consectetur adipiscing elit.', 'sample-post-title-986', 6, 2, '2025-06-05 20:41:18', '2025-06-05 20:41:18', 0),
(990, 'Sample Post Title 987', 'This is the body content for post 987. Lorem ipsum dolor sit amet, consectetur adipiscing elit.', 'sample-post-title-987', 5, 1, '2025-06-05 20:41:18', '2025-06-05 20:41:18', 0),
(991, 'Sample Post Title 988', 'This is the body content for post 988. Lorem ipsum dolor sit amet, consectetur adipiscing elit.', 'sample-post-title-988', 4, 2, '2025-06-05 20:41:18', '2025-06-05 20:41:18', 0),
(992, 'Sample Post Title 989', 'This is the body content for post 989. Lorem ipsum dolor sit amet, consectetur adipiscing elit.', 'sample-post-title-989', 4, 1, '2025-06-05 20:41:18', '2025-06-05 20:41:18', 0),
(993, 'Sample Post Title 990', 'This is the body content for post 990. Lorem ipsum dolor sit amet, consectetur adipiscing elit.', 'sample-post-title-990', 6, 3, '2025-06-05 20:41:18', '2025-06-05 20:41:18', 0),
(994, 'Sample Post Title 991', 'This is the body content for post 991. Lorem ipsum dolor sit amet, consectetur adipiscing elit.', 'sample-post-title-991', 5, 1, '2025-06-05 20:41:18', '2025-06-05 20:41:18', 0),
(995, 'Sample Post Title 992', 'This is the body content for post 992. Lorem ipsum dolor sit amet, consectetur adipiscing elit.', 'sample-post-title-992', 5, 11, '2025-06-05 20:41:18', '2025-06-05 20:41:18', 0),
(996, 'Sample Post Title 993', 'This is the body content for post 993. Lorem ipsum dolor sit amet, consectetur adipiscing elit.', 'sample-post-title-993', 6, 2, '2025-06-05 20:41:18', '2025-06-05 20:41:18', 0),
(997, 'Sample Post Title 994', 'This is the body content for post 994. Lorem ipsum dolor sit amet, consectetur adipiscing elit.', 'sample-post-title-994', 4, 11, '2025-06-05 20:41:18', '2025-06-05 20:41:18', 0),
(998, 'Sample Post Title 995', 'This is the body content for post 995. Lorem ipsum dolor sit amet, consectetur adipiscing elit.', 'sample-post-title-995', 5, 12, '2025-06-05 20:41:18', '2025-06-05 20:41:18', 0),
(999, 'Sample Post Title 996', 'This is the body content for post 996. Lorem ipsum dolor sit amet, consectetur adipiscing elit.', 'sample-post-title-996', 1, 12, '2025-06-05 20:41:18', '2025-06-05 20:41:18', 0),
(1000, 'Sample Post Title 997', 'This is the body content for post 997. Lorem ipsum dolor sit amet, consectetur adipiscing elit.', 'sample-post-title-997', 1, 1, '2025-06-05 20:41:18', '2025-06-05 20:41:18', 0),
(1001, 'Sample Post Title 998', 'This is the body content for post 998. Lorem ipsum dolor sit amet, consectetur adipiscing elit.', 'sample-post-title-998', 4, 5, '2025-06-05 20:41:18', '2025-06-05 20:41:18', 0),
(1002, 'Sample Post Title 999', 'This is the body content for post 999. Lorem ipsum dolor sit amet, consectetur adipiscing elit.', 'sample-post-title-999', 4, 11, '2025-06-05 20:41:18', '2025-06-05 20:41:18', 0),
(1003, 'Sample Post Title 1000', 'This is the body content for post 1000. Lorem ipsum dolor sit amet, consectetur adipiscing elit.', 'sample-post-title-1000', 6, 5, '2025-06-05 20:41:18', '2025-06-05 20:41:18', 0),
(1004, 'Sample Post Title 1001', 'This is the body content for post 1001. Lorem ipsum dolor sit amet, consectetur adipiscing elit.', 'sample-post-title-1001', 3, 10, '2025-06-05 20:41:18', '2025-06-05 20:41:18', 0),
(1005, 'Sample Post Title 1002', 'This is the body content for post 1002. Lorem ipsum dolor sit amet, consectetur adipiscing elit.', 'sample-post-title-1002', 1, 10, '2025-06-05 20:41:18', '2025-06-05 20:41:18', 0),
(1006, 'Sample Post Title 1003', 'This is the body content for post 1003. Lorem ipsum dolor sit amet, consectetur adipiscing elit.', 'sample-post-title-1003', 3, 2, '2025-06-05 20:41:18', '2025-06-05 20:41:18', 0),
(1007, 'Sample Post Title 1004', 'This is the body content for post 1004. Lorem ipsum dolor sit amet, consectetur adipiscing elit.', 'sample-post-title-1004', 5, 3, '2025-06-05 20:41:18', '2025-06-05 20:41:18', 0),
(1008, 'Sample Post Title 1005', 'This is the body content for post 1005. Lorem ipsum dolor sit amet, consectetur adipiscing elit.', 'sample-post-title-1005', 3, 11, '2025-06-05 20:41:18', '2025-06-05 20:41:18', 0),
(1009, 'Sample Post Title 1006', 'This is the body content for post 1006. Lorem ipsum dolor sit amet, consectetur adipiscing elit.', 'sample-post-title-1006', 3, 1, '2025-06-05 20:41:18', '2025-06-05 20:41:18', 0),
(1010, 'Sample Post Title 1007', 'This is the body content for post 1007. Lorem ipsum dolor sit amet, consectetur adipiscing elit.', 'sample-post-title-1007', 4, 2, '2025-06-05 20:41:18', '2025-06-05 20:41:18', 0),
(1011, 'Sample Post Title 1008', 'This is the body content for post 1008. Lorem ipsum dolor sit amet, consectetur adipiscing elit.', 'sample-post-title-1008', 3, 5, '2025-06-05 20:41:18', '2025-06-05 20:41:18', 0),
(1012, 'Sample Post Title 1009', 'This is the body content for post 1009. Lorem ipsum dolor sit amet, consectetur adipiscing elit.', 'sample-post-title-1009', 5, 11, '2025-06-05 20:41:18', '2025-06-05 20:41:18', 0),
(1013, 'Sample Post Title 1010', 'This is the body content for post 1010. Lorem ipsum dolor sit amet, consectetur adipiscing elit.', 'sample-post-title-1010', 4, 5, '2025-06-05 20:41:18', '2025-06-05 20:41:18', 0),
(1014, 'Sample Post Title 1011', 'This is the body content for post 1011. Lorem ipsum dolor sit amet, consectetur adipiscing elit.', 'sample-post-title-1011', 6, 5, '2025-06-05 20:41:18', '2025-06-05 20:41:18', 0),
(1015, 'Sample Post Title 1012', 'This is the body content for post 1012. Lorem ipsum dolor sit amet, consectetur adipiscing elit.', 'sample-post-title-1012', 1, 3, '2025-06-05 20:41:18', '2025-06-05 20:41:18', 0),
(1016, 'Sample Post Title 1013', 'This is the body content for post 1013. Lorem ipsum dolor sit amet, consectetur adipiscing elit.', 'sample-post-title-1013', 3, 10, '2025-06-05 20:41:18', '2025-06-05 20:41:18', 0),
(1017, 'Sample Post Title 1014', 'This is the body content for post 1014. Lorem ipsum dolor sit amet, consectetur adipiscing elit.', 'sample-post-title-1014', 6, 6, '2025-06-05 20:41:18', '2025-06-05 20:41:18', 0),
(1018, 'Sample Post Title 1015', 'This is the body content for post 1015. Lorem ipsum dolor sit amet, consectetur adipiscing elit.', 'sample-post-title-1015', 6, 3, '2025-06-05 20:41:18', '2025-06-05 20:41:18', 0),
(1019, 'Sample Post Title 1016', 'This is the body content for post 1016. Lorem ipsum dolor sit amet, consectetur adipiscing elit.', 'sample-post-title-1016', 3, 2, '2025-06-05 20:41:18', '2025-06-05 20:41:18', 0),
(1020, 'Sample Post Title 1017', 'This is the body content for post 1017. Lorem ipsum dolor sit amet, consectetur adipiscing elit.', 'sample-post-title-1017', 5, 6, '2025-06-05 20:41:18', '2025-06-05 20:41:18', 0),
(1021, 'Sample Post Title 1018', 'This is the body content for post 1018. Lorem ipsum dolor sit amet, consectetur adipiscing elit.', 'sample-post-title-1018', 5, 11, '2025-06-05 20:41:18', '2025-06-05 20:41:18', 0),
(1022, 'Sample Post Title 1019', 'This is the body content for post 1019. Lorem ipsum dolor sit amet, consectetur adipiscing elit.', 'sample-post-title-1019', 1, 11, '2025-06-05 20:41:18', '2025-06-05 20:41:18', 0),
(1023, 'Sample Post Title 1020', 'This is the body content for post 1020. Lorem ipsum dolor sit amet, consectetur adipiscing elit.', 'sample-post-title-1020', 6, 2, '2025-06-05 20:41:18', '2025-06-05 20:41:18', 0),
(1024, 'Sample Post Title 1021', 'This is the body content for post 1021. Lorem ipsum dolor sit amet, consectetur adipiscing elit.', 'sample-post-title-1021', 5, 12, '2025-06-05 20:41:18', '2025-06-05 20:41:18', 0),
(1025, 'Sample Post Title 1022', 'This is the body content for post 1022. Lorem ipsum dolor sit amet, consectetur adipiscing elit.', 'sample-post-title-1022', 3, 12, '2025-06-05 20:41:18', '2025-06-05 20:41:18', 0),
(1026, 'Sample Post Title 1023', 'This is the body content for post 1023. Lorem ipsum dolor sit amet, consectetur adipiscing elit.', 'sample-post-title-1023', 6, 11, '2025-06-05 20:41:18', '2025-06-05 20:41:18', 0),
(1027, 'Sample Post Title 1024', 'This is the body content for post 1024. Lorem ipsum dolor sit amet, consectetur adipiscing elit.', 'sample-post-title-1024', 5, 1, '2025-06-05 20:41:18', '2025-06-05 20:41:18', 0),
(1028, 'Sample Post Title 1025', 'This is the body content for post 1025. Lorem ipsum dolor sit amet, consectetur adipiscing elit.', 'sample-post-title-1025', 5, 3, '2025-06-05 20:41:18', '2025-06-05 20:41:18', 0),
(1029, 'Sample Post Title 1026', 'This is the body content for post 1026. Lorem ipsum dolor sit amet, consectetur adipiscing elit.', 'sample-post-title-1026', 5, 10, '2025-06-05 20:41:18', '2025-06-05 20:41:18', 0),
(1030, 'Sample Post Title 1027', 'This is the body content for post 1027. Lorem ipsum dolor sit amet, consectetur adipiscing elit.', 'sample-post-title-1027', 6, 5, '2025-06-05 20:41:18', '2025-06-05 20:41:18', 0),
(1031, 'Sample Post Title 1028', 'This is the body content for post 1028. Lorem ipsum dolor sit amet, consectetur adipiscing elit.', 'sample-post-title-1028', 5, 11, '2025-06-05 20:41:18', '2025-06-05 20:41:18', 0),
(1032, 'Sample Post Title 1029', 'This is the body content for post 1029. Lorem ipsum dolor sit amet, consectetur adipiscing elit.', 'sample-post-title-1029', 6, 2, '2025-06-05 20:41:18', '2025-06-05 20:41:18', 0),
(1033, 'Sample Post Title 1030', 'This is the body content for post 1030. Lorem ipsum dolor sit amet, consectetur adipiscing elit.', 'sample-post-title-1030', 3, 2, '2025-06-05 20:41:18', '2025-06-05 20:41:18', 0),
(1034, 'Sample Post Title 1031', 'This is the body content for post 1031. Lorem ipsum dolor sit amet, consectetur adipiscing elit.', 'sample-post-title-1031', 6, 3, '2025-06-05 20:41:18', '2025-06-05 20:41:18', 0),
(1035, 'Sample Post Title 1032', 'This is the body content for post 1032. Lorem ipsum dolor sit amet, consectetur adipiscing elit.', 'sample-post-title-1032', 3, 5, '2025-06-05 20:41:18', '2025-06-05 20:41:18', 0),
(1036, 'Sample Post Title 1033', 'This is the body content for post 1033. Lorem ipsum dolor sit amet, consectetur adipiscing elit.', 'sample-post-title-1033', 4, 2, '2025-06-05 20:41:18', '2025-06-05 20:41:18', 0),
(1037, 'Sample Post Title 1034', 'This is the body content for post 1034. Lorem ipsum dolor sit amet, consectetur adipiscing elit.', 'sample-post-title-1034', 5, 1, '2025-06-05 20:41:18', '2025-06-05 20:41:18', 0),
(1038, 'Sample Post Title 1035', 'This is the body content for post 1035. Lorem ipsum dolor sit amet, consectetur adipiscing elit.', 'sample-post-title-1035', 3, 4, '2025-06-05 20:41:18', '2025-06-05 20:41:18', 0),
(1039, 'Sample Post Title 1036', 'This is the body content for post 1036. Lorem ipsum dolor sit amet, consectetur adipiscing elit.', 'sample-post-title-1036', 6, 4, '2025-06-05 20:41:18', '2025-06-05 20:41:18', 0),
(1040, 'Sample Post Title 1037', 'This is the body content for post 1037. Lorem ipsum dolor sit amet, consectetur adipiscing elit.', 'sample-post-title-1037', 3, 2, '2025-06-05 20:41:18', '2025-06-05 20:41:18', 0),
(1041, 'Sample Post Title 1038', 'This is the body content for post 1038. Lorem ipsum dolor sit amet, consectetur adipiscing elit.', 'sample-post-title-1038', 3, 6, '2025-06-05 20:41:18', '2025-06-05 20:41:18', 0),
(1042, 'Sample Post Title 1039', 'This is the body content for post 1039. Lorem ipsum dolor sit amet, consectetur adipiscing elit.', 'sample-post-title-1039', 5, 6, '2025-06-05 20:41:18', '2025-06-05 20:41:18', 0),
(1043, 'Sample Post Title 1040', 'This is the body content for post 1040. Lorem ipsum dolor sit amet, consectetur adipiscing elit.', 'sample-post-title-1040', 5, 12, '2025-06-05 20:41:18', '2025-06-05 20:41:18', 0),
(1044, 'Sample Post Title 1041', 'This is the body content for post 1041. Lorem ipsum dolor sit amet, consectetur adipiscing elit.', 'sample-post-title-1041', 5, 2, '2025-06-05 20:41:18', '2025-06-05 20:41:18', 0),
(1045, 'Sample Post Title 1042', 'This is the body content for post 1042. Lorem ipsum dolor sit amet, consectetur adipiscing elit.', 'sample-post-title-1042', 5, 2, '2025-06-05 20:41:18', '2025-06-05 20:41:18', 0),
(1046, 'Sample Post Title 1043', 'This is the body content for post 1043. Lorem ipsum dolor sit amet, consectetur adipiscing elit.', 'sample-post-title-1043', 4, 4, '2025-06-05 20:41:18', '2025-06-05 20:41:18', 0),
(1047, 'Sample Post Title 1044', 'This is the body content for post 1044. Lorem ipsum dolor sit amet, consectetur adipiscing elit.', 'sample-post-title-1044', 3, 5, '2025-06-05 20:41:18', '2025-06-05 20:41:18', 0),
(1048, 'Sample Post Title 1045', 'This is the body content for post 1045. Lorem ipsum dolor sit amet, consectetur adipiscing elit.', 'sample-post-title-1045', 4, 4, '2025-06-05 20:41:18', '2025-06-05 20:41:18', 0),
(1049, 'Sample Post Title 1046', 'This is the body content for post 1046. Lorem ipsum dolor sit amet, consectetur adipiscing elit.', 'sample-post-title-1046', 6, 1, '2025-06-05 20:41:18', '2025-06-05 20:41:18', 0),
(1050, 'Sample Post Title 1047', 'This is the body content for post 1047. Lorem ipsum dolor sit amet, consectetur adipiscing elit.', 'sample-post-title-1047', 6, 1, '2025-06-05 20:41:18', '2025-06-05 20:41:18', 0),
(1051, 'Sample Post Title 1048', 'This is the body content for post 1048. Lorem ipsum dolor sit amet, consectetur adipiscing elit.', 'sample-post-title-1048', 4, 1, '2025-06-05 20:41:18', '2025-06-05 20:41:18', 0),
(1052, 'Sample Post Title 1049', 'This is the body content for post 1049. Lorem ipsum dolor sit amet, consectetur adipiscing elit.', 'sample-post-title-1049', 3, 5, '2025-06-05 20:41:18', '2025-06-05 20:41:18', 0),
(1053, 'Sample Post Title 1050', 'This is the body content for post 1050. Lorem ipsum dolor sit amet, consectetur adipiscing elit.', 'sample-post-title-1050', 6, 1, '2025-06-05 20:41:18', '2025-06-05 20:41:18', 0),
(1054, 'Sample Post Title 1051', 'This is the body content for post 1051. Lorem ipsum dolor sit amet, consectetur adipiscing elit.', 'sample-post-title-1051', 4, 10, '2025-06-05 20:41:18', '2025-06-05 20:41:18', 0),
(1055, 'Sample Post Title 1052', 'This is the body content for post 1052. Lorem ipsum dolor sit amet, consectetur adipiscing elit.', 'sample-post-title-1052', 3, 2, '2025-06-05 20:41:18', '2025-06-05 20:41:18', 0),
(1056, 'Sample Post Title 1053', 'This is the body content for post 1053. Lorem ipsum dolor sit amet, consectetur adipiscing elit.', 'sample-post-title-1053', 5, 1, '2025-06-05 20:41:18', '2025-06-05 20:41:18', 0),
(1057, 'Sample Post Title 1054', 'This is the body content for post 1054. Lorem ipsum dolor sit amet, consectetur adipiscing elit.', 'sample-post-title-1054', 6, 6, '2025-06-05 20:41:18', '2025-06-05 20:41:18', 0),
(1058, 'Sample Post Title 1055', 'This is the body content for post 1055. Lorem ipsum dolor sit amet, consectetur adipiscing elit.', 'sample-post-title-1055', 3, 6, '2025-06-05 20:41:18', '2025-06-05 20:41:18', 0),
(1059, 'Sample Post Title 1056', 'This is the body content for post 1056. Lorem ipsum dolor sit amet, consectetur adipiscing elit.', 'sample-post-title-1056', 6, 5, '2025-06-05 20:41:18', '2025-06-05 20:41:18', 0),
(1060, 'Sample Post Title 1057', 'This is the body content for post 1057. Lorem ipsum dolor sit amet, consectetur adipiscing elit.', 'sample-post-title-1057', 3, 1, '2025-06-05 20:41:18', '2025-06-05 20:41:18', 0),
(1061, 'Sample Post Title 1058', 'This is the body content for post 1058. Lorem ipsum dolor sit amet, consectetur adipiscing elit.', 'sample-post-title-1058', 3, 10, '2025-06-05 20:41:18', '2025-06-05 20:41:18', 0),
(1062, 'Sample Post Title 1059', 'This is the body content for post 1059. Lorem ipsum dolor sit amet, consectetur adipiscing elit.', 'sample-post-title-1059', 3, 11, '2025-06-05 20:41:18', '2025-06-05 20:41:18', 0),
(1063, 'Sample Post Title 1060', 'This is the body content for post 1060. Lorem ipsum dolor sit amet, consectetur adipiscing elit.', 'sample-post-title-1060', 3, 4, '2025-06-05 20:41:18', '2025-06-05 20:41:18', 0),
(1064, 'Sample Post Title 1061', 'This is the body content for post 1061. Lorem ipsum dolor sit amet, consectetur adipiscing elit.', 'sample-post-title-1061', 6, 3, '2025-06-05 20:41:18', '2025-06-05 20:41:18', 0),
(1065, 'Sample Post Title 1062', 'This is the body content for post 1062. Lorem ipsum dolor sit amet, consectetur adipiscing elit.', 'sample-post-title-1062', 1, 12, '2025-06-05 20:41:18', '2025-06-05 20:41:18', 0),
(1066, 'Sample Post Title 1063', 'This is the body content for post 1063. Lorem ipsum dolor sit amet, consectetur adipiscing elit.', 'sample-post-title-1063', 6, 3, '2025-06-05 20:41:18', '2025-06-05 20:41:18', 0),
(1067, 'Sample Post Title 1064', 'This is the body content for post 1064. Lorem ipsum dolor sit amet, consectetur adipiscing elit.', 'sample-post-title-1064', 6, 3, '2025-06-05 20:41:18', '2025-06-05 20:41:18', 0),
(1068, 'Sample Post Title 1065', 'This is the body content for post 1065. Lorem ipsum dolor sit amet, consectetur adipiscing elit.', 'sample-post-title-1065', 1, 3, '2025-06-05 20:41:18', '2025-06-05 20:41:18', 0),
(1069, 'Sample Post Title 1066', 'This is the body content for post 1066. Lorem ipsum dolor sit amet, consectetur adipiscing elit.', 'sample-post-title-1066', 6, 4, '2025-06-05 20:41:18', '2025-06-05 20:41:18', 0),
(1070, 'Sample Post Title 1067', 'This is the body content for post 1067. Lorem ipsum dolor sit amet, consectetur adipiscing elit.', 'sample-post-title-1067', 5, 5, '2025-06-05 20:41:18', '2025-06-05 20:41:18', 0),
(1071, 'Sample Post Title 1068', 'This is the body content for post 1068. Lorem ipsum dolor sit amet, consectetur adipiscing elit.', 'sample-post-title-1068', 5, 6, '2025-06-05 20:41:18', '2025-06-05 20:41:18', 0),
(1072, 'Sample Post Title 1069', 'This is the body content for post 1069. Lorem ipsum dolor sit amet, consectetur adipiscing elit.', 'sample-post-title-1069', 5, 5, '2025-06-05 20:41:18', '2025-06-05 20:41:18', 0),
(1073, 'Sample Post Title 1070', 'This is the body content for post 1070. Lorem ipsum dolor sit amet, consectetur adipiscing elit.', 'sample-post-title-1070', 5, 12, '2025-06-05 20:41:18', '2025-06-05 20:41:18', 0),
(1074, 'Sample Post Title 1071', 'This is the body content for post 1071. Lorem ipsum dolor sit amet, consectetur adipiscing elit.', 'sample-post-title-1071', 3, 1, '2025-06-05 20:41:18', '2025-06-05 20:41:18', 0),
(1075, 'Sample Post Title 1072', 'This is the body content for post 1072. Lorem ipsum dolor sit amet, consectetur adipiscing elit.', 'sample-post-title-1072', 3, 1, '2025-06-05 20:41:18', '2025-06-05 20:41:18', 0),
(1076, 'Sample Post Title 1073', 'This is the body content for post 1073. Lorem ipsum dolor sit amet, consectetur adipiscing elit.', 'sample-post-title-1073', 6, 2, '2025-06-05 20:41:18', '2025-06-05 20:41:18', 0),
(1077, 'Sample Post Title 1074', 'This is the body content for post 1074. Lorem ipsum dolor sit amet, consectetur adipiscing elit.', 'sample-post-title-1074', 3, 6, '2025-06-05 20:41:18', '2025-06-05 20:41:18', 0),
(1078, 'Sample Post Title 1075', 'This is the body content for post 1075. Lorem ipsum dolor sit amet, consectetur adipiscing elit.', 'sample-post-title-1075', 3, 1, '2025-06-05 20:41:18', '2025-06-05 20:41:18', 0),
(1079, 'Sample Post Title 1076', 'This is the body content for post 1076. Lorem ipsum dolor sit amet, consectetur adipiscing elit.', 'sample-post-title-1076', 4, 12, '2025-06-05 20:41:18', '2025-06-05 20:41:18', 0),
(1080, 'Sample Post Title 1077', 'This is the body content for post 1077. Lorem ipsum dolor sit amet, consectetur adipiscing elit.', 'sample-post-title-1077', 5, 12, '2025-06-05 20:41:18', '2025-06-05 20:41:18', 0),
(1081, 'Sample Post Title 1078', 'This is the body content for post 1078. Lorem ipsum dolor sit amet, consectetur adipiscing elit.', 'sample-post-title-1078', 1, 2, '2025-06-05 20:41:18', '2025-06-05 20:41:18', 0),
(1082, 'Sample Post Title 1079', 'This is the body content for post 1079. Lorem ipsum dolor sit amet, consectetur adipiscing elit.', 'sample-post-title-1079', 5, 2, '2025-06-05 20:41:18', '2025-06-05 20:41:18', 0),
(1083, 'Sample Post Title 1080', 'This is the body content for post 1080. Lorem ipsum dolor sit amet, consectetur adipiscing elit.', 'sample-post-title-1080', 1, 11, '2025-06-05 20:41:18', '2025-06-05 20:41:18', 0),
(1084, 'Sample Post Title 1081', 'This is the body content for post 1081. Lorem ipsum dolor sit amet, consectetur adipiscing elit.', 'sample-post-title-1081', 4, 2, '2025-06-05 20:41:18', '2025-06-05 20:41:18', 0),
(1085, 'Sample Post Title 1082', 'This is the body content for post 1082. Lorem ipsum dolor sit amet, consectetur adipiscing elit.', 'sample-post-title-1082', 1, 4, '2025-06-05 20:41:18', '2025-06-05 20:41:18', 0),
(1086, 'Sample Post Title 1083', 'This is the body content for post 1083. Lorem ipsum dolor sit amet, consectetur adipiscing elit.', 'sample-post-title-1083', 3, 6, '2025-06-05 20:41:18', '2025-06-05 20:41:18', 0),
(1087, 'Sample Post Title 1084', 'This is the body content for post 1084. Lorem ipsum dolor sit amet, consectetur adipiscing elit.', 'sample-post-title-1084', 5, 1, '2025-06-05 20:41:18', '2025-06-05 20:41:18', 0),
(1088, 'Sample Post Title 1085', 'This is the body content for post 1085. Lorem ipsum dolor sit amet, consectetur adipiscing elit.', 'sample-post-title-1085', 4, 3, '2025-06-05 20:41:18', '2025-06-05 20:41:18', 0),
(1089, 'Sample Post Title 1086', 'This is the body content for post 1086. Lorem ipsum dolor sit amet, consectetur adipiscing elit.', 'sample-post-title-1086', 6, 10, '2025-06-05 20:41:18', '2025-06-05 20:41:18', 0),
(1090, 'Sample Post Title 1087', 'This is the body content for post 1087. Lorem ipsum dolor sit amet, consectetur adipiscing elit.', 'sample-post-title-1087', 3, 5, '2025-06-05 20:41:18', '2025-06-05 20:41:18', 0),
(1091, 'Sample Post Title 1088', 'This is the body content for post 1088. Lorem ipsum dolor sit amet, consectetur adipiscing elit.', 'sample-post-title-1088', 1, 1, '2025-06-05 20:41:18', '2025-06-05 20:41:18', 0),
(1092, 'Sample Post Title 1089', 'This is the body content for post 1089. Lorem ipsum dolor sit amet, consectetur adipiscing elit.', 'sample-post-title-1089', 5, 6, '2025-06-05 20:41:18', '2025-06-05 20:41:18', 0),
(1093, 'Sample Post Title 1090', 'This is the body content for post 1090. Lorem ipsum dolor sit amet, consectetur adipiscing elit.', 'sample-post-title-1090', 1, 6, '2025-06-05 20:41:18', '2025-06-05 20:41:18', 0),
(1094, 'Sample Post Title 1091', 'This is the body content for post 1091. Lorem ipsum dolor sit amet, consectetur adipiscing elit.', 'sample-post-title-1091', 1, 2, '2025-06-05 20:41:18', '2025-06-05 20:41:18', 0),
(1095, 'Sample Post Title 1092', 'This is the body content for post 1092. Lorem ipsum dolor sit amet, consectetur adipiscing elit.', 'sample-post-title-1092', 3, 5, '2025-06-05 20:41:18', '2025-06-05 20:41:18', 0),
(1096, 'Sample Post Title 1093', 'This is the body content for post 1093. Lorem ipsum dolor sit amet, consectetur adipiscing elit.', 'sample-post-title-1093', 1, 3, '2025-06-05 20:41:18', '2025-06-05 20:41:18', 0),
(1097, 'Sample Post Title 1094', 'This is the body content for post 1094. Lorem ipsum dolor sit amet, consectetur adipiscing elit.', 'sample-post-title-1094', 5, 1, '2025-06-05 20:41:18', '2025-06-05 20:41:18', 0),
(1098, 'Sample Post Title 1095', 'This is the body content for post 1095. Lorem ipsum dolor sit amet, consectetur adipiscing elit.', 'sample-post-title-1095', 6, 2, '2025-06-05 20:41:18', '2025-06-05 20:41:18', 0),
(1099, 'Sample Post Title 1096', 'This is the body content for post 1096. Lorem ipsum dolor sit amet, consectetur adipiscing elit.', 'sample-post-title-1096', 3, 5, '2025-06-05 20:41:18', '2025-06-05 20:41:18', 0),
(1100, 'Sample Post Title 1097', 'This is the body content for post 1097. Lorem ipsum dolor sit amet, consectetur adipiscing elit.', 'sample-post-title-1097', 3, 1, '2025-06-05 20:41:18', '2025-06-05 20:41:18', 0),
(1101, 'Sample Post Title 1098', 'This is the body content for post 1098. Lorem ipsum dolor sit amet, consectetur adipiscing elit.', 'sample-post-title-1098', 3, 10, '2025-06-05 20:41:18', '2025-06-05 20:41:18', 0),
(1102, 'Sample Post Title 1099', 'This is the body content for post 1099. Lorem ipsum dolor sit amet, consectetur adipiscing elit.', 'sample-post-title-1099', 5, 11, '2025-06-05 20:41:18', '2025-06-05 20:41:18', 0),
(1103, 'Sample Post Title 1100', 'This is the body content for post 1100. Lorem ipsum dolor sit amet, consectetur adipiscing elit.', 'sample-post-title-1100', 1, 4, '2025-06-05 20:41:18', '2025-06-05 20:41:18', 0),
(1104, 'Sample Post Title 1101', 'This is the body content for post 1101. Lorem ipsum dolor sit amet, consectetur adipiscing elit.', 'sample-post-title-1101', 5, 2, '2025-06-05 20:41:18', '2025-06-05 20:41:18', 0),
(1105, 'Sample Post Title 1102', 'This is the body content for post 1102. Lorem ipsum dolor sit amet, consectetur adipiscing elit.', 'sample-post-title-1102', 3, 1, '2025-06-05 20:41:18', '2025-06-05 20:41:18', 0),
(1106, 'Sample Post Title 1103', 'This is the body content for post 1103. Lorem ipsum dolor sit amet, consectetur adipiscing elit.', 'sample-post-title-1103', 1, 12, '2025-06-05 20:41:18', '2025-06-05 20:41:18', 0),
(1107, 'Sample Post Title 1104', 'This is the body content for post 1104. Lorem ipsum dolor sit amet, consectetur adipiscing elit.', 'sample-post-title-1104', 5, 3, '2025-06-05 20:41:18', '2025-06-05 20:41:18', 0),
(1108, 'Sample Post Title 1105', 'This is the body content for post 1105. Lorem ipsum dolor sit amet, consectetur adipiscing elit.', 'sample-post-title-1105', 6, 6, '2025-06-05 20:41:18', '2025-06-05 20:41:18', 0),
(1109, 'Sample Post Title 1106', 'This is the body content for post 1106. Lorem ipsum dolor sit amet, consectetur adipiscing elit.', 'sample-post-title-1106', 3, 6, '2025-06-05 20:41:18', '2025-06-05 20:41:18', 0),
(1110, 'Sample Post Title 1107', 'This is the body content for post 1107. Lorem ipsum dolor sit amet, consectetur adipiscing elit.', 'sample-post-title-1107', 3, 4, '2025-06-05 20:41:18', '2025-06-05 20:41:18', 0),
(1111, 'Sample Post Title 1108', 'This is the body content for post 1108. Lorem ipsum dolor sit amet, consectetur adipiscing elit.', 'sample-post-title-1108', 6, 11, '2025-06-05 20:41:18', '2025-06-05 20:41:18', 0),
(1112, 'Sample Post Title 1109', 'This is the body content for post 1109. Lorem ipsum dolor sit amet, consectetur adipiscing elit.', 'sample-post-title-1109', 4, 11, '2025-06-05 20:41:18', '2025-06-05 20:41:18', 0),
(1113, 'Sample Post Title 1110', 'This is the body content for post 1110. Lorem ipsum dolor sit amet, consectetur adipiscing elit.', 'sample-post-title-1110', 4, 1, '2025-06-05 20:41:18', '2025-06-05 20:41:18', 0),
(1114, 'Sample Post Title 1111', 'This is the body content for post 1111. Lorem ipsum dolor sit amet, consectetur adipiscing elit.', 'sample-post-title-1111', 6, 5, '2025-06-05 20:41:18', '2025-06-05 20:41:18', 0),
(1115, 'Sample Post Title 1112', 'This is the body content for post 1112. Lorem ipsum dolor sit amet, consectetur adipiscing elit.', 'sample-post-title-1112', 6, 4, '2025-06-05 20:41:18', '2025-06-05 20:41:18', 0),
(1116, 'Sample Post Title 1113', 'This is the body content for post 1113. Lorem ipsum dolor sit amet, consectetur adipiscing elit.', 'sample-post-title-1113', 3, 12, '2025-06-05 20:41:18', '2025-06-05 20:41:18', 0),
(1117, 'Sample Post Title 1114', 'This is the body content for post 1114. Lorem ipsum dolor sit amet, consectetur adipiscing elit.', 'sample-post-title-1114', 1, 4, '2025-06-05 20:41:18', '2025-06-05 20:41:18', 0),
(1118, 'Sample Post Title 1115', 'This is the body content for post 1115. Lorem ipsum dolor sit amet, consectetur adipiscing elit.', 'sample-post-title-1115', 4, 3, '2025-06-05 20:41:18', '2025-06-05 20:41:18', 0),
(1119, 'Sample Post Title 1116', 'This is the body content for post 1116. Lorem ipsum dolor sit amet, consectetur adipiscing elit.', 'sample-post-title-1116', 4, 5, '2025-06-05 20:41:18', '2025-06-05 20:41:18', 0),
(1120, 'Sample Post Title 1117', 'This is the body content for post 1117. Lorem ipsum dolor sit amet, consectetur adipiscing elit.', 'sample-post-title-1117', 6, 5, '2025-06-05 20:41:18', '2025-06-05 20:41:18', 0),
(1121, 'Sample Post Title 1118', 'This is the body content for post 1118. Lorem ipsum dolor sit amet, consectetur adipiscing elit.', 'sample-post-title-1118', 1, 5, '2025-06-05 20:41:18', '2025-06-05 20:41:18', 0),
(1122, 'Sample Post Title 1119', 'This is the body content for post 1119. Lorem ipsum dolor sit amet, consectetur adipiscing elit.', 'sample-post-title-1119', 6, 6, '2025-06-05 20:41:18', '2025-06-05 20:41:18', 0),
(1123, 'Sample Post Title 1120', 'This is the body content for post 1120. Lorem ipsum dolor sit amet, consectetur adipiscing elit.', 'sample-post-title-1120', 1, 5, '2025-06-05 20:41:18', '2025-06-05 20:41:18', 0),
(1124, 'Sample Post Title 1121', 'This is the body content for post 1121. Lorem ipsum dolor sit amet, consectetur adipiscing elit.', 'sample-post-title-1121', 5, 3, '2025-06-05 20:41:18', '2025-06-05 20:41:18', 0),
(1125, 'Sample Post Title 1122', 'This is the body content for post 1122. Lorem ipsum dolor sit amet, consectetur adipiscing elit.', 'sample-post-title-1122', 6, 6, '2025-06-05 20:41:18', '2025-06-05 20:41:18', 0),
(1126, 'Sample Post Title 1123', 'This is the body content for post 1123. Lorem ipsum dolor sit amet, consectetur adipiscing elit.', 'sample-post-title-1123', 3, 6, '2025-06-05 20:41:19', '2025-06-05 20:41:19', 0),
(1127, 'Sample Post Title 1124', 'This is the body content for post 1124. Lorem ipsum dolor sit amet, consectetur adipiscing elit.', 'sample-post-title-1124', 1, 3, '2025-06-05 20:41:19', '2025-06-05 20:41:19', 0),
(1128, 'Sample Post Title 1125', 'This is the body content for post 1125. Lorem ipsum dolor sit amet, consectetur adipiscing elit.', 'sample-post-title-1125', 1, 6, '2025-06-05 20:41:19', '2025-06-05 20:41:19', 0),
(1129, 'Sample Post Title 1126', 'This is the body content for post 1126. Lorem ipsum dolor sit amet, consectetur adipiscing elit.', 'sample-post-title-1126', 1, 4, '2025-06-05 20:41:19', '2025-06-05 20:41:19', 0),
(1130, 'Sample Post Title 1127', 'This is the body content for post 1127. Lorem ipsum dolor sit amet, consectetur adipiscing elit.', 'sample-post-title-1127', 3, 1, '2025-06-05 20:41:19', '2025-06-05 20:41:19', 0),
(1131, 'Sample Post Title 1128', 'This is the body content for post 1128. Lorem ipsum dolor sit amet, consectetur adipiscing elit.', 'sample-post-title-1128', 6, 5, '2025-06-05 20:41:19', '2025-06-05 20:41:19', 0),
(1132, 'Sample Post Title 1129', 'This is the body content for post 1129. Lorem ipsum dolor sit amet, consectetur adipiscing elit.', 'sample-post-title-1129', 1, 4, '2025-06-05 20:41:19', '2025-06-05 20:41:19', 0),
(1133, 'Sample Post Title 1130', 'This is the body content for post 1130. Lorem ipsum dolor sit amet, consectetur adipiscing elit.', 'sample-post-title-1130', 1, 5, '2025-06-05 20:41:19', '2025-06-05 20:41:19', 0),
(1134, 'Sample Post Title 1131', 'This is the body content for post 1131. Lorem ipsum dolor sit amet, consectetur adipiscing elit.', 'sample-post-title-1131', 5, 6, '2025-06-05 20:41:19', '2025-06-05 20:41:19', 0),
(1135, 'Sample Post Title 1132', 'This is the body content for post 1132. Lorem ipsum dolor sit amet, consectetur adipiscing elit.', 'sample-post-title-1132', 5, 11, '2025-06-05 20:41:19', '2025-06-05 20:41:19', 0),
(1136, 'Sample Post Title 1133', 'This is the body content for post 1133. Lorem ipsum dolor sit amet, consectetur adipiscing elit.', 'sample-post-title-1133', 5, 12, '2025-06-05 20:41:19', '2025-06-05 20:41:19', 0),
(1137, 'Sample Post Title 1134', 'This is the body content for post 1134. Lorem ipsum dolor sit amet, consectetur adipiscing elit.', 'sample-post-title-1134', 6, 10, '2025-06-05 20:41:19', '2025-06-05 20:41:19', 0),
(1138, 'Sample Post Title 1135', 'This is the body content for post 1135. Lorem ipsum dolor sit amet, consectetur adipiscing elit.', 'sample-post-title-1135', 6, 10, '2025-06-05 20:41:19', '2025-06-05 20:41:19', 0),
(1139, 'Sample Post Title 1136', 'This is the body content for post 1136. Lorem ipsum dolor sit amet, consectetur adipiscing elit.', 'sample-post-title-1136', 1, 12, '2025-06-05 20:41:19', '2025-06-05 20:41:19', 0),
(1140, 'Sample Post Title 1137', 'This is the body content for post 1137. Lorem ipsum dolor sit amet, consectetur adipiscing elit.', 'sample-post-title-1137', 5, 2, '2025-06-05 20:41:19', '2025-06-05 20:41:19', 0),
(1141, 'Sample Post Title 1138', 'This is the body content for post 1138. Lorem ipsum dolor sit amet, consectetur adipiscing elit.', 'sample-post-title-1138', 4, 10, '2025-06-05 20:41:19', '2025-06-05 20:41:19', 0),
(1142, 'Sample Post Title 1139', 'This is the body content for post 1139. Lorem ipsum dolor sit amet, consectetur adipiscing elit.', 'sample-post-title-1139', 4, 4, '2025-06-05 20:41:19', '2025-06-05 20:41:19', 0),
(1143, 'Sample Post Title 1140', 'This is the body content for post 1140. Lorem ipsum dolor sit amet, consectetur adipiscing elit.', 'sample-post-title-1140', 1, 2, '2025-06-05 20:41:19', '2025-06-05 20:41:19', 0),
(1144, 'Sample Post Title 1141', 'This is the body content for post 1141. Lorem ipsum dolor sit amet, consectetur adipiscing elit.', 'sample-post-title-1141', 4, 11, '2025-06-05 20:41:19', '2025-06-05 20:41:19', 0),
(1145, 'Sample Post Title 1142', 'This is the body content for post 1142. Lorem ipsum dolor sit amet, consectetur adipiscing elit.', 'sample-post-title-1142', 1, 2, '2025-06-05 20:41:19', '2025-06-05 20:41:19', 0),
(1146, 'Sample Post Title 1143', 'This is the body content for post 1143. Lorem ipsum dolor sit amet, consectetur adipiscing elit.', 'sample-post-title-1143', 5, 10, '2025-06-05 20:41:19', '2025-06-05 20:41:19', 0),
(1147, 'Sample Post Title 1144', 'This is the body content for post 1144. Lorem ipsum dolor sit amet, consectetur adipiscing elit.', 'sample-post-title-1144', 3, 10, '2025-06-05 20:41:19', '2025-06-05 20:41:19', 0),
(1148, 'Sample Post Title 1145', 'This is the body content for post 1145. Lorem ipsum dolor sit amet, consectetur adipiscing elit.', 'sample-post-title-1145', 5, 11, '2025-06-05 20:41:19', '2025-06-05 20:41:19', 0),
(1149, 'Sample Post Title 1146', 'This is the body content for post 1146. Lorem ipsum dolor sit amet, consectetur adipiscing elit.', 'sample-post-title-1146', 4, 3, '2025-06-05 20:41:19', '2025-06-05 20:41:19', 0),
(1150, 'Sample Post Title 1147', 'This is the body content for post 1147. Lorem ipsum dolor sit amet, consectetur adipiscing elit.', 'sample-post-title-1147', 4, 10, '2025-06-05 20:41:19', '2025-06-05 20:41:19', 0),
(1151, 'Sample Post Title 1148', 'This is the body content for post 1148. Lorem ipsum dolor sit amet, consectetur adipiscing elit.', 'sample-post-title-1148', 1, 10, '2025-06-05 20:41:19', '2025-06-05 20:41:19', 0),
(1152, 'Sample Post Title 1149', 'This is the body content for post 1149. Lorem ipsum dolor sit amet, consectetur adipiscing elit.', 'sample-post-title-1149', 5, 12, '2025-06-05 20:41:19', '2025-06-05 20:41:19', 0),
(1153, 'Sample Post Title 1150', 'This is the body content for post 1150. Lorem ipsum dolor sit amet, consectetur adipiscing elit.', 'sample-post-title-1150', 3, 1, '2025-06-05 20:41:19', '2025-06-05 20:41:19', 0),
(1154, 'Sample Post Title 1151', 'This is the body content for post 1151. Lorem ipsum dolor sit amet, consectetur adipiscing elit.', 'sample-post-title-1151', 4, 12, '2025-06-05 20:41:19', '2025-06-05 20:41:19', 0),
(1155, 'Sample Post Title 1152', 'This is the body content for post 1152. Lorem ipsum dolor sit amet, consectetur adipiscing elit.', 'sample-post-title-1152', 5, 4, '2025-06-05 20:41:19', '2025-06-05 20:41:19', 0),
(1156, 'Sample Post Title 1153', 'This is the body content for post 1153. Lorem ipsum dolor sit amet, consectetur adipiscing elit.', 'sample-post-title-1153', 3, 5, '2025-06-05 20:41:19', '2025-06-05 20:41:19', 0),
(1157, 'Sample Post Title 1154', 'This is the body content for post 1154. Lorem ipsum dolor sit amet, consectetur adipiscing elit.', 'sample-post-title-1154', 4, 2, '2025-06-05 20:41:19', '2025-06-05 20:41:19', 0),
(1158, 'Sample Post Title 1155', 'This is the body content for post 1155. Lorem ipsum dolor sit amet, consectetur adipiscing elit.', 'sample-post-title-1155', 6, 12, '2025-06-05 20:41:19', '2025-06-05 20:41:19', 0),
(1159, 'Sample Post Title 1156', 'This is the body content for post 1156. Lorem ipsum dolor sit amet, consectetur adipiscing elit.', 'sample-post-title-1156', 1, 4, '2025-06-05 20:41:19', '2025-06-05 20:41:19', 0),
(1160, 'Sample Post Title 1157', 'This is the body content for post 1157. Lorem ipsum dolor sit amet, consectetur adipiscing elit.', 'sample-post-title-1157', 1, 5, '2025-06-05 20:41:19', '2025-06-05 20:41:19', 0),
(1161, 'Sample Post Title 1158', 'This is the body content for post 1158. Lorem ipsum dolor sit amet, consectetur adipiscing elit.', 'sample-post-title-1158', 4, 5, '2025-06-05 20:41:19', '2025-06-05 20:41:19', 0),
(1162, 'Sample Post Title 1159', 'This is the body content for post 1159. Lorem ipsum dolor sit amet, consectetur adipiscing elit.', 'sample-post-title-1159', 4, 5, '2025-06-05 20:41:19', '2025-06-05 20:41:19', 0),
(1163, 'Sample Post Title 1160', 'This is the body content for post 1160. Lorem ipsum dolor sit amet, consectetur adipiscing elit.', 'sample-post-title-1160', 4, 12, '2025-06-05 20:41:19', '2025-06-05 20:41:19', 0),
(1164, 'Sample Post Title 1161', 'This is the body content for post 1161. Lorem ipsum dolor sit amet, consectetur adipiscing elit.', 'sample-post-title-1161', 6, 5, '2025-06-05 20:41:19', '2025-06-05 20:41:19', 0),
(1165, 'Sample Post Title 1162', 'This is the body content for post 1162. Lorem ipsum dolor sit amet, consectetur adipiscing elit.', 'sample-post-title-1162', 4, 10, '2025-06-05 20:41:19', '2025-06-05 20:41:19', 0),
(1166, 'Sample Post Title 1163', 'This is the body content for post 1163. Lorem ipsum dolor sit amet, consectetur adipiscing elit.', 'sample-post-title-1163', 1, 6, '2025-06-05 20:41:19', '2025-06-05 20:41:19', 0),
(1167, 'Sample Post Title 1164', 'This is the body content for post 1164. Lorem ipsum dolor sit amet, consectetur adipiscing elit.', 'sample-post-title-1164', 5, 4, '2025-06-05 20:41:19', '2025-06-05 20:41:19', 0),
(1168, 'Sample Post Title 1165', 'This is the body content for post 1165. Lorem ipsum dolor sit amet, consectetur adipiscing elit.', 'sample-post-title-1165', 3, 4, '2025-06-05 20:41:19', '2025-06-05 20:41:19', 0),
(1169, 'Sample Post Title 1166', 'This is the body content for post 1166. Lorem ipsum dolor sit amet, consectetur adipiscing elit.', 'sample-post-title-1166', 4, 12, '2025-06-05 20:41:19', '2025-06-05 20:41:19', 0),
(1170, 'Sample Post Title 1167', 'This is the body content for post 1167. Lorem ipsum dolor sit amet, consectetur adipiscing elit.', 'sample-post-title-1167', 3, 2, '2025-06-05 20:41:19', '2025-06-05 20:41:19', 0),
(1171, 'Sample Post Title 1168', 'This is the body content for post 1168. Lorem ipsum dolor sit amet, consectetur adipiscing elit.', 'sample-post-title-1168', 5, 10, '2025-06-05 20:41:19', '2025-06-05 20:41:19', 0),
(1172, 'Sample Post Title 1169', 'This is the body content for post 1169. Lorem ipsum dolor sit amet, consectetur adipiscing elit.', 'sample-post-title-1169', 6, 4, '2025-06-05 20:41:19', '2025-06-05 20:41:19', 0),
(1173, 'Sample Post Title 1170', 'This is the body content for post 1170. Lorem ipsum dolor sit amet, consectetur adipiscing elit.', 'sample-post-title-1170', 6, 5, '2025-06-05 20:41:19', '2025-06-05 20:41:19', 0),
(1174, 'Sample Post Title 1171', 'This is the body content for post 1171. Lorem ipsum dolor sit amet, consectetur adipiscing elit.', 'sample-post-title-1171', 1, 10, '2025-06-05 20:41:19', '2025-06-05 20:41:19', 0),
(1175, 'Sample Post Title 1172', 'This is the body content for post 1172. Lorem ipsum dolor sit amet, consectetur adipiscing elit.', 'sample-post-title-1172', 1, 5, '2025-06-05 20:41:19', '2025-06-05 20:41:19', 0),
(1176, 'Sample Post Title 1173', 'This is the body content for post 1173. Lorem ipsum dolor sit amet, consectetur adipiscing elit.', 'sample-post-title-1173', 4, 5, '2025-06-05 20:41:19', '2025-06-05 20:41:19', 0),
(1177, 'Sample Post Title 1174', 'This is the body content for post 1174. Lorem ipsum dolor sit amet, consectetur adipiscing elit.', 'sample-post-title-1174', 3, 6, '2025-06-05 20:41:19', '2025-06-05 20:41:19', 0),
(1178, 'Sample Post Title 1175', 'This is the body content for post 1175. Lorem ipsum dolor sit amet, consectetur adipiscing elit.', 'sample-post-title-1175', 6, 1, '2025-06-05 20:41:19', '2025-06-05 20:41:19', 0),
(1179, 'Sample Post Title 1176', 'This is the body content for post 1176. Lorem ipsum dolor sit amet, consectetur adipiscing elit.', 'sample-post-title-1176', 1, 5, '2025-06-05 20:41:19', '2025-06-05 20:41:19', 0),
(1180, 'Sample Post Title 1177', 'This is the body content for post 1177. Lorem ipsum dolor sit amet, consectetur adipiscing elit.', 'sample-post-title-1177', 3, 1, '2025-06-05 20:41:19', '2025-06-05 20:41:19', 0),
(1181, 'Sample Post Title 1178', 'This is the body content for post 1178. Lorem ipsum dolor sit amet, consectetur adipiscing elit.', 'sample-post-title-1178', 4, 4, '2025-06-05 20:41:19', '2025-06-05 20:41:19', 0),
(1182, 'Sample Post Title 1179', 'This is the body content for post 1179. Lorem ipsum dolor sit amet, consectetur adipiscing elit.', 'sample-post-title-1179', 5, 6, '2025-06-05 20:41:19', '2025-06-05 20:41:19', 0),
(1183, 'Sample Post Title 1180', 'This is the body content for post 1180. Lorem ipsum dolor sit amet, consectetur adipiscing elit.', 'sample-post-title-1180', 6, 2, '2025-06-05 20:41:19', '2025-06-05 20:41:19', 0),
(1184, 'Sample Post Title 1181', 'This is the body content for post 1181. Lorem ipsum dolor sit amet, consectetur adipiscing elit.', 'sample-post-title-1181', 3, 3, '2025-06-05 20:41:19', '2025-06-05 20:41:19', 0),
(1185, 'Sample Post Title 1182', 'This is the body content for post 1182. Lorem ipsum dolor sit amet, consectetur adipiscing elit.', 'sample-post-title-1182', 6, 2, '2025-06-05 20:41:19', '2025-06-05 20:41:19', 0),
(1186, 'Sample Post Title 1183', 'This is the body content for post 1183. Lorem ipsum dolor sit amet, consectetur adipiscing elit.', 'sample-post-title-1183', 6, 11, '2025-06-05 20:41:19', '2025-06-05 20:41:19', 0),
(1187, 'Sample Post Title 1184', 'This is the body content for post 1184. Lorem ipsum dolor sit amet, consectetur adipiscing elit.', 'sample-post-title-1184', 6, 11, '2025-06-05 20:41:19', '2025-06-05 20:41:19', 0),
(1188, 'Sample Post Title 1185', 'This is the body content for post 1185. Lorem ipsum dolor sit amet, consectetur adipiscing elit.', 'sample-post-title-1185', 4, 11, '2025-06-05 20:41:19', '2025-06-05 20:41:19', 0),
(1189, 'Sample Post Title 1186', 'This is the body content for post 1186. Lorem ipsum dolor sit amet, consectetur adipiscing elit.', 'sample-post-title-1186', 1, 3, '2025-06-05 20:41:19', '2025-06-05 20:41:19', 0),
(1190, 'Sample Post Title 1187', 'This is the body content for post 1187. Lorem ipsum dolor sit amet, consectetur adipiscing elit.', 'sample-post-title-1187', 4, 11, '2025-06-05 20:41:19', '2025-06-05 20:41:19', 0);
INSERT INTO `posts` (`id`, `title`, `body`, `slug`, `category_id`, `author_id`, `created_at`, `updated_at`, `status`) VALUES
(1191, 'Sample Post Title 1188', 'This is the body content for post 1188. Lorem ipsum dolor sit amet, consectetur adipiscing elit.', 'sample-post-title-1188', 6, 1, '2025-06-05 20:41:19', '2025-06-05 20:41:19', 0),
(1192, 'Sample Post Title 1189', 'This is the body content for post 1189. Lorem ipsum dolor sit amet, consectetur adipiscing elit.', 'sample-post-title-1189', 6, 5, '2025-06-05 20:41:19', '2025-06-05 20:41:19', 0),
(1193, 'Sample Post Title 1190', 'This is the body content for post 1190. Lorem ipsum dolor sit amet, consectetur adipiscing elit.', 'sample-post-title-1190', 6, 11, '2025-06-05 20:41:19', '2025-06-05 20:41:19', 0),
(1194, 'Sample Post Title 1191', 'This is the body content for post 1191. Lorem ipsum dolor sit amet, consectetur adipiscing elit.', 'sample-post-title-1191', 5, 5, '2025-06-05 20:41:19', '2025-06-05 20:41:19', 0),
(1195, 'Sample Post Title 1192', 'This is the body content for post 1192. Lorem ipsum dolor sit amet, consectetur adipiscing elit.', 'sample-post-title-1192', 1, 2, '2025-06-05 20:41:19', '2025-06-05 20:41:19', 0),
(1196, 'Sample Post Title 1193', 'This is the body content for post 1193. Lorem ipsum dolor sit amet, consectetur adipiscing elit.', 'sample-post-title-1193', 3, 3, '2025-06-05 20:41:19', '2025-06-05 20:41:19', 0),
(1197, 'Sample Post Title 1194', 'This is the body content for post 1194. Lorem ipsum dolor sit amet, consectetur adipiscing elit.', 'sample-post-title-1194', 4, 6, '2025-06-05 20:41:19', '2025-06-05 20:41:19', 0),
(1198, 'Sample Post Title 1195', 'This is the body content for post 1195. Lorem ipsum dolor sit amet, consectetur adipiscing elit.', 'sample-post-title-1195', 5, 6, '2025-06-05 20:41:19', '2025-06-05 20:41:19', 0),
(1199, 'Sample Post Title 1196', 'This is the body content for post 1196. Lorem ipsum dolor sit amet, consectetur adipiscing elit.', 'sample-post-title-1196', 5, 10, '2025-06-05 20:41:19', '2025-06-05 20:41:19', 0),
(1200, 'Sample Post Title 1197', 'This is the body content for post 1197. Lorem ipsum dolor sit amet, consectetur adipiscing elit.', 'sample-post-title-1197', 3, 5, '2025-06-05 20:41:19', '2025-06-05 20:41:19', 0),
(1201, 'Sample Post Title 1198', 'This is the body content for post 1198. Lorem ipsum dolor sit amet, consectetur adipiscing elit.', 'sample-post-title-1198', 5, 3, '2025-06-05 20:41:19', '2025-06-05 20:41:19', 0),
(1202, 'Sample Post Title 1199', 'This is the body content for post 1199. Lorem ipsum dolor sit amet, consectetur adipiscing elit.', 'sample-post-title-1199', 4, 5, '2025-06-05 20:41:19', '2025-06-05 20:41:19', 0),
(1203, 'Sample Post Title 1200', 'This is the body content for post 1200. Lorem ipsum dolor sit amet, consectetur adipiscing elit.', 'sample-post-title-1200', 5, 12, '2025-06-05 20:41:19', '2025-06-05 20:41:19', 0);

-- --------------------------------------------------------

--
-- Table structure for table `roles`
--

CREATE TABLE `roles` (
  `id` bigint UNSIGNED NOT NULL,
  `name` varchar(255) COLLATE utf8mb4_unicode_ci NOT NULL,
  `guard_name` varchar(255) COLLATE utf8mb4_unicode_ci NOT NULL,
  `created_at` timestamp NULL DEFAULT NULL,
  `updated_at` timestamp NULL DEFAULT NULL
) ENGINE=InnoDB DEFAULT CHARSET=utf8mb4 COLLATE=utf8mb4_unicode_ci;

--
-- Dumping data for table `roles`
--

INSERT INTO `roles` (`id`, `name`, `guard_name`, `created_at`, `updated_at`) VALUES
(1, 'admin', 'api', '2025-06-04 12:36:35', '2025-06-04 12:36:35'),
(2, 'editor', 'api', '2025-06-04 12:36:35', '2025-06-04 12:36:35'),
(3, 'admin', 'web', '2025-06-05 20:09:19', '2025-06-05 20:09:19');

-- --------------------------------------------------------

--
-- Table structure for table `role_has_permissions`
--

CREATE TABLE `role_has_permissions` (
  `permission_id` bigint UNSIGNED NOT NULL,
  `role_id` bigint UNSIGNED NOT NULL
) ENGINE=InnoDB DEFAULT CHARSET=utf8mb4 COLLATE=utf8mb4_unicode_ci;

--
-- Dumping data for table `role_has_permissions`
--

INSERT INTO `role_has_permissions` (`permission_id`, `role_id`) VALUES
(1, 1),
(2, 1),
(3, 1),
(4, 1),
(5, 1),
(1, 2),
(2, 2);

-- --------------------------------------------------------

--
-- Table structure for table `settings`
--

CREATE TABLE `settings` (
  `id` bigint UNSIGNED NOT NULL,
  `created_at` timestamp NULL DEFAULT NULL,
  `updated_at` timestamp NULL DEFAULT NULL
) ENGINE=InnoDB DEFAULT CHARSET=utf8mb4 COLLATE=utf8mb4_unicode_ci;

-- --------------------------------------------------------

--
-- Table structure for table `users`
--

CREATE TABLE `users` (
  `id` bigint UNSIGNED NOT NULL,
  `name` varchar(255) COLLATE utf8mb4_unicode_ci DEFAULT NULL,
  `email` varchar(255) COLLATE utf8mb4_unicode_ci NOT NULL,
  `email_verified_at` timestamp NULL DEFAULT NULL,
  `password` varchar(255) COLLATE utf8mb4_unicode_ci NOT NULL,
  `role` enum('admin','editor') COLLATE utf8mb4_unicode_ci NOT NULL DEFAULT 'editor',
  `remember_token` varchar(100) COLLATE utf8mb4_unicode_ci DEFAULT NULL,
  `deleted_at` timestamp NULL DEFAULT NULL,
  `status` tinyint(1) NOT NULL DEFAULT '1',
  `created_at` timestamp NULL DEFAULT NULL,
  `updated_at` timestamp NULL DEFAULT NULL
) ENGINE=InnoDB DEFAULT CHARSET=utf8mb4 COLLATE=utf8mb4_unicode_ci;

--
-- Dumping data for table `users`
--

INSERT INTO `users` (`id`, `name`, `email`, `email_verified_at`, `password`, `role`, `remember_token`, `deleted_at`, `status`, `created_at`, `updated_at`) VALUES
(1, 'editor', 'editor@editor.com', NULL, '$2y$12$/1OuZHWVRkw4yIF0aVoOyOC3oalFO8RYx1JGNgomejA0SoD1S..Ay', 'editor', NULL, NULL, 1, '2025-06-04 12:48:29', '2025-06-04 12:48:29'),
(2, 'aalam', 'aalam@gmail.com', NULL, '$2y$12$jlkK/BDY3vkpOStCPgDz7OSO4EkzKFEyX6mIa6H1ipcUZk9hJ4ini', 'editor', NULL, NULL, 1, '2025-06-04 12:59:19', '2025-06-04 12:59:19'),
(3, 'test', 'test@gmail.com', NULL, '$2y$12$fKa5T9R9xw4OGRSazz9Y3.bTTFoRsrZrrQK6zJsZirsCkLoW59vPC', 'editor', NULL, NULL, 1, '2025-06-04 13:08:00', '2025-06-04 13:08:00'),
(4, 'samir', 'samir@gmail.com', NULL, '$2y$12$4XwuyLtwT1LA0MOGU7SlgOA28nQLPt9SNgE67WFb31agz8Fq7/65.', 'editor', NULL, NULL, 1, '2025-06-04 13:09:28', '2025-06-04 13:09:28'),
(5, 'admin', 'admin@admin.com', NULL, '$2y$12$1VGsqzxdQgGqA3L4D/Iav.pg4FU9uScCJuDIqd1VtCAx8vt2MuuwS', 'admin', NULL, NULL, 1, '2025-06-04 13:30:31', '2025-06-04 13:30:31'),
(6, 'shamsudin aalam', 'sahilaalam184@gmail.com', NULL, '$2y$12$PYo/BTOVzuHOy8Zq6sBImud4R4iWHAV.fIVVq48V.j4l80fVT8knC', 'editor', NULL, NULL, 1, '2025-06-05 11:44:22', '2025-06-05 11:46:29'),
(10, 'aalam', 'aalam@aalam.com', NULL, '$2y$12$ZTkhQ58nPfo.nCy9JpMOkuL/rnlZ1jyYUpehUfqsY18MNrnOycQgS', 'admin', NULL, NULL, 1, '2025-06-05 20:09:19', '2025-06-05 20:09:19'),
(11, 'developer', 'developer@developer.com', NULL, '$2y$12$Fx0eBTIPDXooffUhicUgP.1AARxDsUN6dGk0NCKhzYqumv6/6LwxC', 'admin', NULL, NULL, 1, '2025-06-05 20:11:19', '2025-06-05 20:11:19'),
(12, 'shamsudin', 'sehzadaaalam49@gmail.com', NULL, '$2y$12$F5RNbxS92.Psj/F1sWVxbe2S1XM2mF0g0qeLLWlz9xYgQfAPapFS2', 'admin', NULL, NULL, 1, '2025-06-05 20:29:41', '2025-06-05 20:34:21');

--
-- Indexes for dumped tables
--

--
-- Indexes for table `categories`
--
ALTER TABLE `categories`
  ADD PRIMARY KEY (`id`);

--
-- Indexes for table `failed_jobs`
--
ALTER TABLE `failed_jobs`
  ADD PRIMARY KEY (`id`),
  ADD UNIQUE KEY `failed_jobs_uuid_unique` (`uuid`);

--
-- Indexes for table `migrations`
--
ALTER TABLE `migrations`
  ADD PRIMARY KEY (`id`);

--
-- Indexes for table `model_has_permissions`
--
ALTER TABLE `model_has_permissions`
  ADD PRIMARY KEY (`permission_id`,`model_id`,`model_type`),
  ADD KEY `model_has_permissions_model_id_model_type_index` (`model_id`,`model_type`);

--
-- Indexes for table `model_has_roles`
--
ALTER TABLE `model_has_roles`
  ADD PRIMARY KEY (`role_id`,`model_id`,`model_type`),
  ADD KEY `model_has_roles_model_id_model_type_index` (`model_id`,`model_type`);

--
-- Indexes for table `password_reset_tokens`
--
ALTER TABLE `password_reset_tokens`
  ADD PRIMARY KEY (`email`);

--
-- Indexes for table `permissions`
--
ALTER TABLE `permissions`
  ADD PRIMARY KEY (`id`),
  ADD UNIQUE KEY `permissions_name_guard_name_unique` (`name`,`guard_name`);

--
-- Indexes for table `personal_access_tokens`
--
ALTER TABLE `personal_access_tokens`
  ADD PRIMARY KEY (`id`),
  ADD UNIQUE KEY `personal_access_tokens_token_unique` (`token`),
  ADD KEY `personal_access_tokens_tokenable_type_tokenable_id_index` (`tokenable_type`,`tokenable_id`);

--
-- Indexes for table `posts`
--
ALTER TABLE `posts`
  ADD PRIMARY KEY (`id`),
  ADD UNIQUE KEY `posts_slug_unique` (`slug`),
  ADD KEY `posts_category_id_foreign` (`category_id`),
  ADD KEY `posts_author_id_foreign` (`author_id`);

--
-- Indexes for table `roles`
--
ALTER TABLE `roles`
  ADD PRIMARY KEY (`id`),
  ADD UNIQUE KEY `roles_name_guard_name_unique` (`name`,`guard_name`);

--
-- Indexes for table `role_has_permissions`
--
ALTER TABLE `role_has_permissions`
  ADD PRIMARY KEY (`permission_id`,`role_id`),
  ADD KEY `role_has_permissions_role_id_foreign` (`role_id`);

--
-- Indexes for table `settings`
--
ALTER TABLE `settings`
  ADD PRIMARY KEY (`id`);

--
-- Indexes for table `users`
--
ALTER TABLE `users`
  ADD PRIMARY KEY (`id`),
  ADD UNIQUE KEY `users_email_unique` (`email`);

--
-- AUTO_INCREMENT for dumped tables
--

--
-- AUTO_INCREMENT for table `categories`
--
ALTER TABLE `categories`
  MODIFY `id` bigint UNSIGNED NOT NULL AUTO_INCREMENT, AUTO_INCREMENT=7;

--
-- AUTO_INCREMENT for table `failed_jobs`
--
ALTER TABLE `failed_jobs`
  MODIFY `id` bigint UNSIGNED NOT NULL AUTO_INCREMENT;

--
-- AUTO_INCREMENT for table `migrations`
--
ALTER TABLE `migrations`
  MODIFY `id` int UNSIGNED NOT NULL AUTO_INCREMENT, AUTO_INCREMENT=10;

--
-- AUTO_INCREMENT for table `permissions`
--
ALTER TABLE `permissions`
  MODIFY `id` bigint UNSIGNED NOT NULL AUTO_INCREMENT, AUTO_INCREMENT=6;

--
-- AUTO_INCREMENT for table `personal_access_tokens`
--
ALTER TABLE `personal_access_tokens`
  MODIFY `id` bigint UNSIGNED NOT NULL AUTO_INCREMENT, AUTO_INCREMENT=19;

--
-- AUTO_INCREMENT for table `posts`
--
ALTER TABLE `posts`
  MODIFY `id` bigint UNSIGNED NOT NULL AUTO_INCREMENT, AUTO_INCREMENT=1204;

--
-- AUTO_INCREMENT for table `roles`
--
ALTER TABLE `roles`
  MODIFY `id` bigint UNSIGNED NOT NULL AUTO_INCREMENT, AUTO_INCREMENT=4;

--
-- AUTO_INCREMENT for table `settings`
--
ALTER TABLE `settings`
  MODIFY `id` bigint UNSIGNED NOT NULL AUTO_INCREMENT;

--
-- AUTO_INCREMENT for table `users`
--
ALTER TABLE `users`
  MODIFY `id` bigint UNSIGNED NOT NULL AUTO_INCREMENT, AUTO_INCREMENT=13;

--
-- Constraints for dumped tables
--

--
-- Constraints for table `model_has_permissions`
--
ALTER TABLE `model_has_permissions`
  ADD CONSTRAINT `model_has_permissions_permission_id_foreign` FOREIGN KEY (`permission_id`) REFERENCES `permissions` (`id`) ON DELETE CASCADE;

--
-- Constraints for table `model_has_roles`
--
ALTER TABLE `model_has_roles`
  ADD CONSTRAINT `model_has_roles_role_id_foreign` FOREIGN KEY (`role_id`) REFERENCES `roles` (`id`) ON DELETE CASCADE;

--
-- Constraints for table `posts`
--
ALTER TABLE `posts`
  ADD CONSTRAINT `posts_author_id_foreign` FOREIGN KEY (`author_id`) REFERENCES `users` (`id`) ON DELETE CASCADE,
  ADD CONSTRAINT `posts_category_id_foreign` FOREIGN KEY (`category_id`) REFERENCES `categories` (`id`) ON DELETE CASCADE;

--
-- Constraints for table `role_has_permissions`
--
ALTER TABLE `role_has_permissions`
  ADD CONSTRAINT `role_has_permissions_permission_id_foreign` FOREIGN KEY (`permission_id`) REFERENCES `permissions` (`id`) ON DELETE CASCADE,
  ADD CONSTRAINT `role_has_permissions_role_id_foreign` FOREIGN KEY (`role_id`) REFERENCES `roles` (`id`) ON DELETE CASCADE;
COMMIT;

/*!40101 SET CHARACTER_SET_CLIENT=@OLD_CHARACTER_SET_CLIENT */;
/*!40101 SET CHARACTER_SET_RESULTS=@OLD_CHARACTER_SET_RESULTS */;
/*!40101 SET COLLATION_CONNECTION=@OLD_COLLATION_CONNECTION */;
